id,text,tokens,wa_rationales,wa_triggers,wa_label_type,wa_decision_rule,wa_binary
1635374205817729024,ไม่ใช่ค่ะ คือคนที่คุณพูดถึงอะ ไม่ใช่แค่ขายคลิปโป๊นะ เขาคอสด้วย เขาไม่ใช่แค่สักแต่จะถ่ายแล้วลงเลยนะ มันต้องแต่งหน้า จัดวิก จัดไฟ และอีกหลายอย่าง ต้องขยันอัพรูปด้วย คุณมีปัญาทำได้ไหมอะคะ,"[""ไม่"",""ใช่"",""ค่ะ"",""คือ"",""คน"",""ที่"",""คุณ"",""พูดถึง"",""อะ"",""ไม่"",""ใช่"",""แค่"",""ขาย"",""คลิป"",""โป๊"",""นะ"",""เขา"",""คอ"",""ส"",""ด้วย"",""เขา"",""ไม่"",""ใช่"",""แค่"",""สัก"",""แต่"",""จะ"",""ถ่าย"",""แล้ว"",""ลง"",""เลย"",""นะ"",""มัน"",""ต้อง"",""แต่งหน้า"",""จัด"",""วิก"",""จัด"",""ไฟ"",""และ"",""อีก"",""หลายอย่าง"",""ต้อง"",""ขยัน"",""อัพ"",""รูป"",""ด้วย"",""คุณ"",""มี"",""ปัญา"",""ทำได้"",""ไหม"",""อะ"",""คะ""]",[],[],[],[],NON-GB
1635501378708832258,ถ้าให้แต่งคอสแต่งหน้านานๆทีก็คงพอได้อะครับ แต่ต้องมีเพื่อนแต่งด้วยแต่งคนเดียวเขิน แต่ให้แก้ผ้าถ่ายรูปถ่ายคลิปคงจะไม่ได้มันไม่มีศักดิ์ศรี,"[""ถ้า"",""ให้"",""แต่ง"",""คอ"",""ส"",""แต่งหน้า"",""นานๆ"",""ที"",""ก็"",""คง"",""พอได้"",""อะ"",""ครับ"",""แต่"",""ต้อง"",""มี"",""เพื่อน"",""แต่ง"",""ด้วย"",""แต่ง"",""คนเดียว"",""เขิน"",""แต่"",""ให้"",""แก้ผ้า"",""ถ่าย"",""รูปถ่าย"",""คลิป"",""คงจะ"",""ไม่"",""ได้"",""มัน"",""ไม่"",""มีศักดิ์ศรี""]",[],[],[],[],NON-GB
1829688293820416131,เอาประเทศตัวเองให้รอดก่อน แดนกะหรี่ ไม่ต้องเสือกประเทศเขา,"[""เอา"",""ประเทศ"",""ตัวเอง"",""ให้"",""รอด"",""ก่อน"",""แดน"",""กะหรี่"",""ไม่ต้อง"",""เสือก"",""ประเทศ"",""เขา""]","[[6,7]]",[[7]],"[""GB-ATTACK""]","[[""B"",""A""]]",GB
1901595145835065588,ไม่ต้องเครซี่ไปนะงับ เห่าในทวิตแทบตายแต่เปลี่ยนอะไรไม่ได้ แต่อย่างน้อยังได้เสียวหัวเราะอยู่นะครับสู้ๆ,"[""ไม่ต้อง"",""เค"",""ร"",""ซี่"",""ไป"",""นะ"",""งับ"",""เห่า"",""ใน"",""ทวิ"",""ต"",""แทบตาย"",""แต่"",""เปลี่ยน"",""อะไร"",""ไม่"",""ได้"",""แต่"",""อย่าง"",""น้อ"",""ยัง"",""ได้"",""เสียว"",""หัวเราะ"",""อยู่"",""นะ"",""ครับ"",""สู้"",""ๆ""]",[],[],[],[],NON-GB
1901596327664119920,เห่าในทวิตแล้วคิดว่าตัวเองสวนแทงแล้วเท่ ก็ไม่มีอะไรเปลี่ยนเหมือนกัน เป็นได้แค่ตัวตลกสังคม ชีวิตจริงคนก็รังเกียจ,"[""เห่า"",""ใน"",""ทวิ"",""ต"",""แล้ว"",""คิด"",""ว่า"",""ตัวเอง"",""สวนแทง"",""แล้ว"",""เท่"",""ก็"",""ไม่"",""มี"",""อะไร"",""เปลี่ยน"",""เหมือนกัน"",""เป็นได้"",""แค่"",""ตัวตลก"",""สังคม"",""ชีวิตจริง"",""คน"",""ก็"",""รังเกียจ""]",[],[],[],[],NON-GB
1901918638065459641,ทำไมชอบโพสอะไรต่ำๆครียุ อยากได้รับความสนใจเหรอ,"[""ทำไม"",""ชอบ"",""โพส"",""อะไร"",""ต่ำ"",""ๆค"",""รี"",""ยุ"",""อยาก"",""ได้รับ"",""ความสนใจ"",""เหรอ""]",[],[],[],[],NON-GB
1910638452926013758,คนอื่นเป็นพ่อแม่เขาเหรองับ ถึงต้องฟัง แล้วมีสิทธ์อะไรไปรุมด่าครับ เขาทำผิดกฏหมายไหมก็ไม่ แต่พวกด่าๆนี่ผิดแน่นอน,"[""คนอื่น"",""เป็น"",""พ่อแม่"",""เขา"",""เหรอ"",""งับ"",""ถึง"",""ต้อง"",""ฟัง"",""แล้ว"",""มี"",""สิทธ์"",""อะไร"",""ไป"",""รุม"",""ด่า"",""ครับ"",""เขา"",""ทำ"",""ผิดก"",""ฏ"",""หมาย"",""ไหม"",""ก็"",""ไม่"",""แต่"",""พวก"",""ด่า"",""ๆ"",""นี่"",""ผิด"",""แน่นอน""]",[],[],[],[],NON-GB
1915677627278647310,ชาวทวิตไม่ชอบแล้วมีสิทธ์อะไรไปด่าคนอื่นครับ ตัวเองสำคัญขนาดนั้นเลยที่เขาจะต้องมานั่งอธิบายให้ฟัง,"[""ชาว"",""ทวิ"",""ต"",""ไม่"",""ชอบแล้ว"",""มี"",""สิทธ์"",""อะไร"",""ไป"",""ด่า"",""คนอื่น"",""ครับ"",""ตัวเอง"",""สำคัญ"",""ขนาด"",""นั้น"",""เลย"",""ที่"",""เขา"",""จะ"",""ต้อง"",""มา"",""นั่ง"",""อธิบาย"",""ให้"",""ฟัง""]",[],[],[],[],NON-GB
1916715257051205974,อยากเล่นตัวให้คนสนใจเฉยๆครับ ผู้หญิงส่วนชอบเรียกร้องความสนใจเช็กเรทติ้ง,"[""อยาก"",""เล่นตัว"",""ให้"",""คน"",""สนใจ"",""เฉย"",""ๆ"",""ครับ"",""ผู้หญิง"",""ส่วน"",""ชอบ"",""เรียกร้อง"",""ความสนใจ"",""เช็ก"",""เรท"",""ติ้ง""]","[[8,9,10,11,12,13,14,15]]","[[8,10,11,12,13,14,15]]","[""GB-NORMATIVE""]","[[""B"",""A""]]",GB
1919636096511836633,เอาไปแนะนำคนในบ้านมึงเนอะ ไม่ต้องมายุ่งกับคนอื่น เขาไม่ได้ขอ คนฉลาดเขาจะรู้เรื่องมารยาทนะ,"[""เอา"",""ไป"",""แนะนำ"",""คนใน"",""บ้าน"",""มึง"",""เนอะ"",""ไม่ต้อง"",""มา"",""ยุ่ง"",""กับ"",""คนอื่น"",""เขา"",""ไม่"",""ได้"",""ขอ"",""คน"",""ฉลาด"",""เขา"",""จะ"",""รู้เรื่อง"",""มารยาท"",""นะ""]",[],[],[],[],NON-GB
1933130943528849544,ญี่ปุ่นบอกว่าการที่ผญไม่แต่งหน้าคือการไม่ให้เกียรติคนอื่น อิดอกหัวเราะ สาระแน๊ อยากแต่งทุกวันมึงแต่งเอง,"[""ญี่ปุ่น"",""บอก"",""ว่าการ"",""ที่"",""ผญ"",""ไม่"",""แต่งหน้า"",""คือ"",""การ"",""ไม่"",""ให้เกียรติ"",""คนอื่น"",""อิด"",""อก"",""หัวเราะ"",""สาระ"",""แน๊"",""อยาก"",""แต่ง"",""ทุกวัน"",""มึง"",""แต่ง"",""เอง""]","[[0,1,2,3,4,5,6,7,8,9,10,11]]","[[0,1,2]]","[""NON-GB""]","[[""C""]]",NON-GB
1934938607732891958,ยังฟินจนถึงทุกวันี้ไม่ร ไหนรับอีนี่ ไปไหนก็มีแต่คนด่าว่า สะใจมากๆ แต่เสียดายหยุดเฟียสหยุดเรียกร้องความสนใจแล้ว,"[""ยัง"",""ฟิน"",""จนถึง"",""ทุกวัน"",""ี้"",""ไม่"",""ร"",""ไหน"",""รับ"",""อี"",""นี่"",""ไป"",""ไหน"",""ก็"",""มี"",""แต่"",""คน"",""ด่าว่า"",""สะใจ"",""มาก"",""ๆ"",""แต่"",""เสียดาย"",""หยุด"",""เฟียส"",""หยุด"",""เรียกร้อง"",""ความสนใจ"",""แล้ว""]",[],[],[],[],NON-GB
1935966406052659636,งั้นไม่เห็นต้องเดือดกับเม้นเรานี่คะ ถ้าตัวเองไม่ได้เป็นแบที่เราพิพม์,"[""งั้น"",""ไม่"",""เห็น"",""ต้อง"",""เดือด"",""กับ"",""เม้น"",""เรา"",""นี่"",""คะ"",""ถ้า"",""ตัวเอง"",""ไม่"",""ได้"",""เป็น"",""แบ"",""ที่"",""เรา"",""พิพม์""]",[],[],[],[],NON-GB
1947442965766672607,"แล้วถ้าเขาได้วันละ 9,000 จริงๆไปเสือกอะไรกับเขาอ่ะ เคยตั้งคำถามกับตัวเองบ้างมั้ยว่าเป็นคนประเภทไหนที่อยากไปสาระแนเรื่องการเงินชาวบ้าน","[""แล้ว"",""ถ้า"",""เขา"",""ได้"",""วัน"",""ละ"",""9""]",[],[],[],[],NON-GB
1950094275183513699,ไม่เคยบอกว่าเป็นค่ะ มีแต่พวกคุณน้องนั่นแหละชอบมาแซะมาด่าความชอบคนอื่น ทั้งๆที่ไม่ได้ใครเดือนร้อนด้วยซ้ำ,"[""ไม่"",""เคย"",""บอ"",""กว่า"",""เป็น"",""ค่ะ"",""มี"",""แต่"",""พวกคุณ"",""น้อง"",""นั่นแหละ"",""ชอบ"",""มา"",""แซะ"",""มา"",""ด่า"",""ความชอบ"",""คนอื่น"",""ทั้งๆ"",""ที่"",""ไม่"",""ได้"",""ใคร"",""เดือนร้อน"",""ด้วยซ้ำ""]",[],[],[],[],NON-GB
1950096712338383089,ความชอบเราทำให้ใครเดือนร้อนเหรอค้า มันเป็นเรื่องสมุติยังต้องมีอะไรมากำกับอีกเหรอว่าไม่ควรทำอะไร ไม่ชอบก็แค่ไม่ต้องยุ่งสิค้ามาตามด่านี่ไม,"[""ความชอบ"",""เรา"",""ทำให้"",""ใคร"",""เดือนร้อน"",""เหรอ"",""ค้า"",""มัน"",""เป็นเรื่อง"",""ส"",""มุติ"",""ยัง"",""ต้อง"",""มี"",""อะไร"",""มา"",""กำกับ"",""อีก"",""เหรอ"",""ว่า"",""ไม่"",""ควร"",""ทำ"",""อะไร"",""ไม่"",""ชอบ"",""ก็"",""แค่"",""ไม่ต้อง"",""ยุ่ง"",""สิ"",""ค้า"",""มา"",""ตาม"",""ด่า"",""นี่"",""ไม""]",[],[],[],[],NON-GB
1954158319817593102,คำถามคือ เค้าไป woke กับใครคะ ความสัมพันธ์ก็ของเค้า เค้า consent กันเอง แต่คนอกไปสาระแนเสนอหน้าไปเสือกวิจารณ์กับเค้าเองมั้ยคะ เค้าไม่ได้พูดนี่คะว่าอีพวก monogamy มันโง่มันแย่ แล้วพวก mono สาระแนไปยุ่งกับคนที่เค้า poly ทำไมคะ เค้าไม่ได้ทำตัวเก๋ค่ะ เค้าแค่ไม่เสือกเรื่องคนอื่นเนาะ,"[""คำถาม"",""คือ"",""เค้า"",""ไป"",""woke"",""กับ"",""ใคร"",""คะ"",""ความสัมพันธ์"",""ก็"",""ของ"",""เค้า"",""เค้า"",""consent"",""กันเอง"",""แต่"",""คน"",""อก"",""ไป"",""สาระแน"",""เสนอหน้า"",""ไป"",""เสือก"",""วิจารณ์"",""กับ"",""เค้า"",""เอง"",""มั้ย"",""คะ"",""เค้า"",""ไม่"",""ได้"",""พูด"",""นี่"",""คะ"",""ว่า"",""อี"",""พวก"",""monogamy"",""มัน"",""โง่"",""มัน"",""แย่"",""แล้ว"",""พวก"",""mono"",""สาระแน"",""ไป"",""ยุ่ง"",""กับ"",""คน"",""ที่"",""เค้า"",""poly"",""ทำไม"",""คะ"",""เค้า"",""ไม่"",""ได้"",""ทำตัว"",""เก๋"",""ค่ะ"",""เค้า"",""แค่"",""ไม่"",""เสือก"",""เรื่อง"",""คนอื่น"",""เนาะ""]",[],[],[],[],NON-GB
1957281423653749033,อย่าไปยุ่งเรื่องส่วนตัวของเขาจะดีกว่าไหมคะ ความรักไม่ควรถูกีดกันะนี่ว่า พวกที่ด่าๆเนี่ยตัวเองไม่ได้ดีไปกว่าเขาเลย,"[""อย่า"",""ไป"",""ยุ่ง"",""เรื่องส่วนตัว"",""ของ"",""เขา"",""จะ"",""ดีกว่า"",""ไหม"",""คะ"",""ความรัก"",""ไม่"",""ควร"",""ถู"",""กีด"",""กันะ"",""นี่"",""ว่า"",""พวก"",""ที่"",""ด่า"",""ๆ"",""เนี่ย"",""ตัวเอง"",""ไม่"",""ได้ดี"",""ไป"",""กว่า"",""เขา"",""เลย""]",[],[],[],[],NON-GB
1960300083901014490,อยากเป็นอะไรก็เรื่องส่วนตัว อย่ายัดเยียดคุกคามคนอื่น game หนังผู้ใหญ่ยัดมายังไม่อยากดูเลย มึงจะมามาหาพ่องอะไร,"[""อยาก"",""เป็น"",""อะไร"",""ก็"",""เรื่องส่วนตัว"",""อย่า"",""ยัดเยียด"",""คุกคาม"",""คนอื่น"",""game"",""หนัง"",""ผู้ใหญ่"",""ยัด"",""มายัง"",""ไม่"",""อยาก"",""ดู"",""เลย"",""มึง"",""จะ"",""มา"",""มาหา"",""พ่อ"",""ง"",""อะไร""]",[],[],[],[],NON-GB
1967223852595073415,เกลียดคนที่พูดจาไม่ให้เกียรติคนอื่นมากแล้วชอบอ้างว่าตัวเองเป็นคนพูดตรงทั้งที่จริงตัวเองเป็นคนไม่มีมารยาท ไม่รู้จักาลเทศะ ไม่รู้ว่าอะไรควรพูดไม่ควรพูด ถ้าพูดแล้วมันไม่มีประโยชน์ต่อใคร พูดแล้วมันทำร้ายคนอื่น ด้อยค่าและทำลายความภาคภูมิใจของคนอื่น การเงียบก็เป็นตัวเลือกที่ไม่แย่นะ,"[""เกลียด"",""คน"",""ที่"",""พูดจา"",""ไม่"",""ให้เกียรติ"",""คนอื่น"",""มาก"",""แล้ว"",""ชอบ"",""อ้างว่า"",""ตัวเอง"",""เป็น"",""คนพูด"",""ตรง"",""ทั้ง"",""ที่จริง"",""ตัวเอง"",""เป็น"",""คน"",""ไม่"",""มี"",""มารยาท"",""ไม่"",""รู้จัก"",""าล"",""เทศะ"",""ไม่"",""รู้"",""ว่า"",""อะไร"",""ควร"",""พูด"",""ไม่"",""ควร"",""พูด"",""ถ้า"",""พูด"",""แล้ว"",""มัน"",""ไม่"",""มีประโยชน์"",""ต่อ"",""ใคร"",""พูด"",""แล้ว"",""มัน"",""ทำร้าย"",""คนอื่น"",""ด้อยค่า"",""และ"",""ทำลาย"",""ความภาคภูมิใจ"",""ของ"",""คนอื่น"",""การ"",""เงียบ"",""ก็"",""เป็น"",""ตัวเลือก"",""ที่"",""ไม่"",""แย่"",""นะ""]",[],[],[],[],NON-GB
1968529909397209512,แล้วยุ่งอะไรเหรอคะ ? คุณเป็นใครมาสั่งให้คนอื่นมาทำนู่นทำนี่ คำพูดคำจานี่แย่มากๆ,"[""แล้ว"",""ยุ่ง"",""อะไร"",""เหรอ"",""คะ"",""?"",""คุณ"",""เป็น"",""ใคร"",""มา"",""สั่ง"",""ให้"",""คนอื่น"",""มา"",""ทำ"",""นู่น"",""ทำ"",""นี่"",""คำพูดคำจา"",""นี่"",""แย่มาก"",""ๆ""]",[],[],[],[],NON-GB
1968539892276936962,แล้วโอตาคุเกี่ยวอะไรเหรอคะ ? คนที่เริ่มเหยียดคนอื่นก่อนก็คุณพี่ไม่ใช่เหรอคะ ? อย่าแกล้งลืม,"[""แล้ว"",""โอ"",""ตา"",""คุ"",""เกี่ยว"",""อะไร"",""เหรอ"",""คะ"",""?"",""คน"",""ที่"",""เริ่ม"",""เหยียด"",""คนอื่น"",""ก่อน"",""ก็"",""คุณ"",""พี่"",""ไม่"",""ใช่"",""เหรอ"",""คะ"",""?"",""อย่า"",""แกล้ง"",""ลืม""]",[],[],[],[],NON-GB
1970359298841813373,ไอ้การไปเดินพรมแดง แล้วเรียกแฟนคลับไป คือให้คนจ้างานในอนาคตเห็นว่ามีแฟนคลับจริงๆ จะได้จ้างานตัวเองสิน่ะ ทำไมต้องป่าวประกาศเรียกแฟนคลับไปด้วย? น่าคิดไหม ถ้าคนดังจริงแฟนคลับจะไปโดยไม่ต้องบอก จริงป่ะ ส่วนไอ้พวกแฟนคลับก็โง่เป็นเบี้ยให้โดนหลอก,"[""ไอ้"",""การ"",""ไป"",""เดิน"",""พรม"",""แดง"",""แล้ว"",""เรียก"",""แฟนคลับ"",""ไป"",""คือ"",""ให้"",""คน"",""จ้า"",""งาน"",""ในอนาคต"",""เห็น"",""ว่า"",""มี"",""แฟนคลับ"",""จริงๆ"",""จะ"",""ได้"",""จ้า"",""งาน"",""ตัวเอง"",""สิ"",""น่ะ"",""ทำไม"",""ต้อง"",""ป่าวประกาศ"",""เรียก"",""แฟนคลับ"",""ไป"",""ด้วย"",""?"",""น่าคิด"",""ไหม"",""ถ้า"",""คน"",""ดังจริง"",""แฟนคลับ"",""จะ"",""ไป"",""โดย"",""ไม่ต้อง"",""บอก"",""จริง"",""ป่ะ"",""ส่วน"",""ไอ้"",""พวก"",""แฟนคลับ"",""ก็"",""โง่"",""เป็น"",""เบี้ย"",""ให้"",""โดน"",""หลอก""]",[],[],[],[],NON-GB
1973023344757981441,พอเถียงกูไม่ได้ กูเริ่มอกลาย บอกสิทธิคนเดินถน ใครจะเดินก็ได้ ผญในคลิปไม่มีสิทธิไปสั่งใคร เขาสั่งมึงตอนไหน พอเถียงด้วยเหตุผลไม่ได้ก็เปิดบูลี่ด่าคนอ้วน นุ่นั่นี่ กูว่าปมันเองนั่นแหละ โง่เกิน ร้องสิทธิคนเดินถนแต่บูลบี่คนอื่น มึงเข้าใจคำว่าสิทธิจริงมั้ยอีหำเน่า มา,"[""พอ"",""เถียง"",""กู"",""ไม่"",""ได้"",""กู"",""เริ่ม"",""อก"",""ลาย"",""บอก"",""สิทธิ"",""คน"",""เดิน"",""ถน"",""ใคร"",""จะ"",""เดิน"",""ก็ได้"",""ผญ"",""ใน"",""คลิป"",""ไม่"",""มี"",""สิทธิ"",""ไป"",""สั่ง"",""ใคร"",""เขา"",""สั่ง"",""มึง"",""ตอน"",""ไหน"",""พอ"",""เถียง"",""ด้วย"",""เหตุผล"",""ไม่"",""ได้"",""ก็"",""เปิด"",""บู"",""ลี่"",""ด่า"",""คน"",""อ้วน"",""นุ่"",""นั่น"",""ี่"",""กู"",""ว่า"",""ป"",""มัน"",""เอง"",""นั่นแหละ"",""โง่"",""เกิน"",""ร้อง"",""สิทธิ"",""คน"",""เดิน"",""ถน"",""แต่"",""บูลบี่"",""คนอื่น"",""มึง"",""เข้าใจ"",""คำ"",""ว่า"",""สิทธิ"",""จริง"",""มั้ย"",""อี"",""หำ"",""เน่า"",""มา""]","[[64,65,66,67,68,69,70,71,72,73,74]]","[[71,72,73]]","[""GB-SEX""]","[[""A"",""B""]]",GB
1973226446429790490,กะพิมั่นๆเอายอดรีเยอะๆป้ะ อยากแมสใจจะขาดอยากได้รับความสนใจ ชีวิตจริงเป็นนูกูเซโย,"[""กะ"",""พิ"",""มั่น"",""ๆ"",""เอา"",""ยอด"",""รี"",""เยอะ"",""ๆป้ะ"",""อยาก"",""แมส"",""ใจจะขาด"",""อยาก"",""ได้รับ"",""ความสนใจ"",""ชีวิตจริง"",""เป็น"",""นู"",""กู"",""เซ"",""โย""]",[],[],[],[],NON-GB
1973250744506868082,เขามีสิทธิ์จะเดินยังไงก็ได้จะรำก็ยังได้และเขาก็มีสิทธิ์ระแวงแค่ไหนก็ได้เพราะถ้าเกิดเรื่องอะไรขึ้นมาคนที่ได้รับผลกระทบคือตัวเขาเองเพราะงั้นพี่ไม่ต้องไปยุ่งไรกับเขาหรอกถ้าเขาจะกลัวคนแบพี่ เขาทำได้แค่กลัว,"[""เขา"",""มีสิทธิ์"",""จะ"",""เดิน"",""ยังไง"",""ก็ได้"",""จะ"",""รำ"",""ก็"",""ยัง"",""ได้"",""และ"",""เขา"",""ก็"",""มีสิทธิ์"",""ระแวง"",""แค่"",""ไหน"",""ก็ได้"",""เพราะ"",""ถ้า"",""เกิดเรื่อง"",""อะไร"",""ขึ้น"",""มา"",""คน"",""ที่"",""ได้รับ"",""ผลกระทบ"",""คือ"",""ตัว"",""เขา"",""เอง"",""เพราะ"",""งั้น"",""พี่"",""ไม่ต้อง"",""ไป"",""ยุ่ง"",""ไร"",""กับ"",""เขา"",""หรอก"",""ถ้า"",""เขา"",""จะ"",""กลัว"",""คน"",""แบ"",""พี่"",""เขา"",""ทำได้"",""แค่"",""กลัว""]",[],[],[],[],NON-GB
1973266858771132871,ขนาดมึงโง่ยังอกมาแพล่มเลย ทุกคนมีสิทธิอะ งไรว่ะ แค่มืดแล้วมันยังไง หมายความว่ามึงมีสิทธิ์คุกคามคนอื่นกันหรอ เรียนหนังสือฉบับไหน จำได้ว่าเค้าสอนเรื่องการให้เกียรติคนตั้งแต่น้อยนะ เสียเวลาครูที่สอนเด็กเปรตโตมา,"[""ขนาด"",""มึง"",""โง่"",""ยัง"",""อก"",""มา"",""แพ"",""ล่ม"",""เลย"",""ทุกคน"",""มี"",""สิทธิ"",""อะ"",""ง"",""ไร"",""ว่ะ"",""แค่"",""มืด"",""แล้ว"",""มัน"",""ยังไง"",""หมายความว่า"",""มึง"",""มีสิทธิ์"",""คุกคาม"",""คนอื่น"",""กัน"",""หรอ"",""เรียนหนังสือ"",""ฉบับ"",""ไหน"",""จำได้"",""ว่า"",""เค้า"",""สอน"",""เรื่อง"",""การ"",""ให้เกียรติ"",""คน"",""ตั้งแต่"",""น้อย"",""นะ"",""เสียเวลา"",""ครู"",""ที่"",""สอน"",""เด็ก"",""เปรต"",""โตมา""]",[],[],[],[],NON-GB
1975090292308214128,มึงก็เสียงแปร้นเกินไปแทนที่จะช่วยพ่อแหกปากร้องอยู่ได้สติสำคัญสุด,"[""มึง"",""ก็"",""เสียง"",""แปร้น"",""เกินไป"",""แทนที่จะ"",""ช่วย"",""พ่อ"",""แหกปาก"",""ร้อง"",""อยู่"",""ได้สติ"",""สำคัญ"",""สุด""]",[],[],[],[],NON-GB
1976074340383981639,สมควรโดนหนักว่านี้ด้วยซ้ำชอบทำอะไรเสร่อๆตัวเองยังหากินกับอะไรแบนี้อยู่เลยเสร่อยากมีแสงเอง,"[""สมควร"",""โดน"",""หนัก"",""ว่า"",""นี้"",""ด้วยซ้ำ"",""ชอบ"",""ทำ"",""อะไร"",""เสร่อ"",""ๆ"",""ตัวเอง"",""ยัง"",""หากิน"",""กับ"",""อะไร"",""แบ"",""นี้"",""อยู่เลย"",""เสร่อ"",""ยาก"",""มี"",""แสง"",""เอง""]",[],[],[],[],NON-GB
1976119944216756366,เขาก็ไม่ได้ผิดที่ถามนี่ แล้วมรึงอะไรก่อนถ้าเกิดว่าทางค่ายเขาไม่ได้ให้หากินจริงๆแล้วมันจะทำไม?มาตอบด้วย เป็นหุ้นส่วนเขารึไงก็ไม่นี่แล้วจะมาเดือดร้อนกับตรงๆนี้เพื่อหนังสือมีมาให้เห็นักเรียนึยังก็ไม่มี อย่าทำตัวโง่พวกมึงนั้นแหละตำรวจด้อม,"[""เขา"",""ก็"",""ไม่"",""ได้"",""ผิดที่"",""ถาม"",""นี่"",""แล้ว"",""มรึง"",""อะไร"",""ก่อน"",""ถ้า"",""เกิด"",""ว่า"",""ทาง"",""ค่าย"",""เขา"",""ไม่"",""ได้"",""ให้"",""หากิน"",""จริงๆ"",""แล้ว"",""มัน"",""จะ"",""ทำไม"",""?"",""มา"",""ตอบ"",""ด้วย"",""เป็น"",""หุ้นส่วน"",""เขา"",""รึ"",""ไง"",""ก็"",""ไม่"",""นี่"",""แล้"",""วจะ"",""มา"",""เดือดร้อน"",""กับ"",""ตรงๆ"",""นี้"",""เพื่อ"",""หนังสือ"",""มี"",""มา"",""ให้"",""เห็น"",""ักเรียนึ"",""ยัง"",""ก็"",""ไม่"",""มี"",""อย่า"",""ทำตัว"",""โง่"",""พวก"",""มึง"",""นั้นแหละ"",""ตำรวจ"",""ด้อม""]",[],[],[],[],NON-GB
1976214882489135584,แหมพอเป็นผู้ชายล่ะเสียงอ่อนเสียงหวาน มีหางสงหางเสียง เป็นเคะก็ไม่บอกแต่แรกล่ะเตง,"[""แหม"",""พอ"",""เป็น"",""ผู้ชาย"",""ล่ะ"",""เสียงอ่อนเสียงหวาน"",""มี"",""หาง"",""สง"",""หางเสียง"",""เป็น"",""เคะ"",""ก็"",""ไม่"",""บอก"",""แต่แรก"",""ล่ะ"",""เต"",""ง""]","[[1,2,3,4,5,6,7,8,9,10,11,12,13,14,15,16]]","[[1,2,3,4,5,6,9,10,11]]","[""GB-NORMATIVE""]","[[""A"",""B""]]",GB
1976221191137525950,ได้ยินเสียงเพล้งค่ะ เหมือนคนหน้าแตก,"[""ได้ยิน"",""เสียง"",""เพ"",""ล้ง"",""ค่ะ"",""เหมือน"",""คน"",""หน้าแตก""]",[],[],[],[],NON-GB
1979168935539802330,อยากบล็อคก็บล็อคไปสิ มาบอกทำไม สะเหล่อยากมีซีนเกิน,"[""อยาก"",""บล็อค"",""ก็"",""บล็อค"",""ไป"",""สิ"",""มา"",""บอก"",""ทำไม"",""สะเหล่อ"",""ยาก"",""มี"",""ซีน"",""เกิน""]",[],[],[],[],NON-GB
1979836214732878128,แล้วทำไม่ชอบยุ่งเรื่องชาวบ้าน คนบางคนก็ชอบอ้างว่าหวังดี ทั้งที่จริงๆแค่กำลังแส่เรื่องของคนอื่นอยู่ หวังดีเพราะกลัวเขาถูกผชลวนลามหรอ แล้วทำไมไม่สอนผู้ชายให้ทำตัวดีๆบ้าง? เพราะเขาดูโป๊หรอเลยดูไม่มีกาลเทศะ? แต่สายเดี่ยวใครๆก็ใส่นะ หรือเพราะเขาหน้าอกใหญ่? แล้วมันตัดทิ้งได้มั้ยล่ะ?,"[""แล้ว"",""ทำ"",""ไม่"",""ชอบ"",""ยุ่ง"",""เรื่อง"",""ชาวบ้าน"",""คน"",""บางคน"",""ก็"",""ชอบ"",""อ้างว่า"",""หวังดี"",""ทั้งที่"",""จริงๆ"",""แค่"",""กำลัง"",""แส่"",""เรื่อง"",""ของ"",""คนอื่น"",""อยู่"",""หวังดี"",""เพราะ"",""กลัว"",""เขา"",""ถูก"",""ผช"",""ลวนลาม"",""หรอ"",""แล้ว"",""ทำไม"",""ไม่"",""สอน"",""ผู้ชาย"",""ให้"",""ทำ"",""ตัวดี"",""ๆ"",""บ้าง"",""?"",""เพราะ"",""เขา"",""ดู"",""โป๊"",""หรอ"",""เลย"",""ดู"",""ไม่"",""มี"",""กาลเทศะ"",""?"",""แต่"",""สาย"",""เดี่ยว"",""ใครๆ"",""ก็"",""ใส่"",""นะ"",""หรือ"",""เพราะ"",""เขา"",""หน้าอก"",""ใหญ่"",""?"",""แล้ว"",""มัน"",""ตัดทิ้ง"",""ได้"",""มั้ย"",""ล่ะ"",""?""]","[[7,8,9,10,11,12,13,14,15,16,17,18,19,20,21,22,23,24,25,26,27,28,29,30,31,32,33,34,35,36,37,38,39,40,41,42,43,44,45,46,47,48,49,50,51,52,53,54,55,56,57,58,59,60,61,62,63,64,65,66,67,68,69,70,71]]","[[7,8,9,10,11,12,13,14,15,16,17,18,19,20,21,31,32,33,34,35,36,37,38,39,55,56,57,58]]","[""NON-GB""]","[[""C""]]",NON-GB
1980007050232094834,แล้วไปเกี่ยวเหี้ยไรกับครอบครัวและพ่อแม่คนอื่น? แล้วอีกอย่างไปยุ่งเหี้ยไรกับชีวิตเค้า?,"[""แล้วไป"",""เกี่ยว"",""เหี้ย"",""ไร"",""กับ"",""ครอบครัว"",""และ"",""พ่อแม่"",""คนอื่น"",""?"",""แล้ว"",""อีก"",""อย่าง"",""ไป"",""ยุ่ง"",""เหี้ย"",""ไร"",""กับ"",""ชีวิต"",""เค้า"",""?""]",[],[],[],[],NON-GB
1980253467408245159,เต็มป่ะเขาจะใส่ไงก็เรื่องของเขาคนที่ไปคุกคามเขาคือคนไม่ปกติจ้ะ ละที่เขาอกมาปกป้องตัวเองนี้ผิดหรอ,"[""เต็ม"",""ป่ะ"",""เขา"",""จะ"",""ใส่"",""ไง"",""ก็"",""เรื่อง"",""ของ"",""เขา"",""คน"",""ที่"",""ไป"",""คุกคาม"",""เขา"",""คือ"",""คน"",""ไม่"",""ปกติ"",""จ้ะ"",""ละ"",""ที่"",""เขา"",""อก"",""มา"",""ปกป้อง"",""ตัวเอง"",""นี้"",""ผิด"",""หรอ""]",[],[],[],[],NON-GB
1980291582634102811,ไม่สิ ต้องเป็น พี่ส่งเสริมให้มิวสิคเป็นคนไม่ปกติทำไม ไปว่าคนอื่นแต่ตัวเองก็ปากว่าตาขยิบอยากเสพรูปบิกินี่เมนตัวเองเหมือนกัน ไม่คิดิว่าแม่มิวสิคมาเห็นเขาจะว่าลูกสาวไหม? พ่อแม่มิวสิคจะอายแทรกแผ่นดินไหม?,"[""ไม่"",""สิ"",""ต้อง"",""เป็น"",""พี่"",""ส่งเสริม"",""ให้"",""มิวสิค"",""เป็น"",""คน"",""ไม่"",""ปกติ"",""ทำไม"",""ไป"",""ว่า"",""คนอื่น"",""แต่"",""ตัวเอง"",""ก็"",""ปากว่าตาขยิบ"",""อยาก"",""เสพ"",""รูป"",""บิกินี่"",""เมน"",""ตัวเอง"",""เหมือนกัน"",""ไม่"",""คิ"",""ดิ"",""ว่า"",""แม่"",""มิวสิค"",""มา"",""เห็น"",""เขา"",""จะ"",""ว่า"",""ลูกสาว"",""ไหม"",""?"",""พ่อแม่"",""มิวสิค"",""จะ"",""อาย"",""แทรกแผ่นดิน"",""ไหม"",""?""]",[],[],[],[],NON-GB
1980479738520170522,แต่เราก็ไม่ต้องไปสาระแนก็ได้นะคะ มันเสือกอะค่ะ หรือไม่จริงเอ่ย?,"[""แต่"",""เรา"",""ก็"",""ไม่ต้อง"",""ไป"",""สาระแน"",""ก็ได้"",""นะคะ"",""มัน"",""เสือก"",""อะ"",""ค่ะ"",""หรือไม่"",""จริง"",""เอ่ย"",""?""]",[],[],[],[],NON-GB
1980884873079665020,เสือกเรื่องเค้าไม่หยุด พอโดนด่าบ้างรับไม่ได้ โอ๊ยเจ๊หยุดเถ้อ,"[""เสือก"",""เรื่อง"",""เค้า"",""ไม่"",""หยุด"",""พอ"",""โดน"",""ด่า"",""บ้าง"",""รับ"",""ไม่"",""ได้"",""โอ๊ย"",""เจ๊"",""หยุด"",""เถ้อ""]",[],[],[],[],NON-GB
1981021599143739720,เหมือนคนขาดความอบอุ่น อยากให้สังคมสนใจอะ แม่งไล่กัดเค้าไม่ปล่อยเลย น่ารำคาญสุด เรียกร้องความสนใจไรขนาดนั้น ไปหาหมอไหม,"[""เหมือน"",""คน"",""ขาด"",""ความอบอุ่น"",""อยาก"",""ให้"",""สังคม"",""สนใจ"",""อะ"",""แม่"",""ง"",""ไล่"",""กัด"",""เค้า"",""ไม่"",""ปล่อย"",""เลย"",""น่ารำคาญ"",""สุด"",""เรียกร้อง"",""ความสนใจ"",""ไร"",""ขนาด"",""นั้น"",""ไปหา"",""หมอ"",""ไหม""]",[],[],[],[],NON-GB
1981653942607245463,แฟนี่ก็มอมเหมือนกัน พยายามปรับลุคให้ทุกอย่าง เพราะไม่อยากให้ใครมาว่านางว่าไม่เหมาะกับเรา จนมีครั้งหนึ่งนางพูดขึ้นมาว่านางเป็นแบนี้มาตั้งนานแล้ว จะมาบังคับชีวิตอะไรนางทุกอย่าง แต่ที่ทำให้คือหวังดีหมด ทุกวันคือปล่อยแล้วโดนใครด่ามาเราก็ตอบไปว่าก็สมควรแล้วนะ เพราะเธอเลือกแบนี้เอง,"[""แฟ"",""นี่"",""ก็"",""มอม"",""เหมือนกัน"",""พยายาม"",""ปรับ"",""ลุค"",""ให้"",""ทุกอย่าง"",""เพราะ"",""ไม่"",""อยาก"",""ให้"",""ใคร"",""มา"",""ว่า"",""นาง"",""ว่า"",""ไม่"",""เหมาะกับ"",""เรา"",""จน"",""มี"",""ครั้งหนึ่ง"",""นาง"",""พูด"",""ขึ้น"",""มา"",""ว่า"",""นาง"",""เป็น"",""แบ"",""นี้"",""มา"",""ตั้ง"",""นาน"",""แล้ว"",""จะ"",""มา"",""บังคับ"",""ชีวิต"",""อะไร"",""นาง"",""ทุกอย่าง"",""แต่"",""ที่"",""ทำให้"",""คือ"",""หวังดี"",""หมด"",""ทุกวัน"",""คือ"",""ปล่อย"",""แล้ว"",""โดน"",""ใคร"",""ด่า"",""มา"",""เรา"",""ก็"",""ตอบ"",""ไป"",""ว่า"",""ก็"",""สมควร"",""แล้ว"",""นะ"",""เพราะ"",""เธอ"",""เลือก"",""แบ"",""นี้"",""เอง""]",[],[],[],[],NON-GB
1981663015117488530,เราก็แต่งสวยๆของเราไปเหมือนเดิมค่ะ เป็นเรานะจะเอาให้เริ่ดกว่าเดิมเลย มันไม่อายตัวเองก็เรื่องของมัน เราโคตรไม่ชอบเลยคนมาเหลี่ยมใส่ กูจะเหลี่ยมกลับให้หนักว่าเดิมเลย,"[""เรา"",""ก็"",""แต่ง"",""สวย"",""ๆ"",""ของ"",""เรา"",""ไป"",""เหมือนเดิม"",""ค่ะ"",""เป็น"",""เรา"",""นะ"",""จะ"",""เอา"",""ให้"",""เริ่ด"",""กว่า"",""เดิม"",""เลย"",""มัน"",""ไม่"",""อาย"",""ตัวเอง"",""ก็"",""เรื่อง"",""ของ"",""มัน"",""เรา"",""โคตร"",""ไม่"",""ชอบ"",""เลย"",""คน"",""มา"",""เหลี่ยม"",""ใส่"",""กู"",""จะ"",""เหลี่ยม"",""กลับ"",""ให้"",""หนัก"",""ว่า"",""เดิม"",""เลย""]",[],[],[],[],NON-GB
1981665852090155326,จริง ถ้าเป็นกู แต่งขนาดนั้นกุไม่ไปหามันละ ไปเดินห้างเริ่ดๆ แต่ติดที่ไม่ได้แต่งตัวไปเดตกับเค้าหรอกค่ะ,"[""จริง"",""ถ้า"",""เป็น"",""กู"",""แต่ง"",""ขนาด"",""นั้น"",""กุ"",""ไม่"",""ไปหา"",""มัน"",""ละ"",""ไป"",""เดิน"",""ห้าง"",""เริ่ด"",""ๆ"",""แต่"",""ติด"",""ที่"",""ไม่"",""ได้"",""แต่งตัว"",""ไป"",""เดต"",""กับ"",""เค้า"",""หรอก"",""ค่ะ""]",[],[],[],[],NON-GB
1981721430665396516,ครูโดยเฉพาะผญobsessedกับอะไรแบนี้จริงๆ สมัยเรียนก็เคยเจอ แต่งหน้าเพราะอยากมีผัวเอย ไว้ปอยหวานส่องผชเอย คือแม่งมันคิดได้ไง เด็กมัธยมันแค่รักสวยรักงามตามวัย ทุกคนไม่ได้เอาแต่คิดเรื่องมีผัวตลอดเหมือนตัวเองเนอะ,"[""ครู"",""โดยเฉพาะ"",""ผญ"",""obsessed"",""กับ"",""อะไร"",""แบ"",""นี้"",""จริงๆ"",""สมัย"",""เรียน"",""ก็"",""เคย"",""เจอ"",""แต่งหน้า"",""เพราะ"",""อยาก"",""มี"",""ผัว"",""เอย"",""ไว้"",""ปอย"",""หวาน"",""ส่อง"",""ผช"",""เอย"",""คือ"",""แม่"",""ง"",""มัน"",""คิดได้"",""ไง"",""เด็ก"",""มัธย"",""มัน"",""แค่"",""รักสวยรักงาม"",""ตาม"",""วัย"",""ทุกคน"",""ไม่"",""ได้"",""เอาแต่"",""คิด"",""เรื่อง"",""มี"",""ผัว"",""ตลอด"",""เหมือน"",""ตัวเอง"",""เนอะ""]","[[0,1,2,3,4,5,6,7,8],[9,10,11,12,13,14,15,16,17,18,19,20,21,22,23,24,25,26,27,28,29,30,31,32,33,34,35,36,37,38,39,40,41,42,43,44,45,46,47,48,49,50]]","[[0,1,2,3],[30,31,39,40,41,42,43,44,45,46,47]]","[""GB-NORMATIVE"",""NON-GB""]","[[""A"",""B""],[""C""]]",GB
1981757413062848651,เพื่อนในห้องถูกครูถามจากหน้าชั้นว่าเธอจะแต่งหน้ามาเรียนทำไม มาเรียนไม่ได้มาหาผัว ถ้าแต่งหน้าแล้วมีผัวทุกวันี้จะก็จะทำจ้ะ ปล.ครูที่พูดแต่งหน้าแต่ไม่มีผัว,"[""เพื่อน"",""ใน"",""ห้อง"",""ถูก"",""ครู"",""ถาม"",""จาก"",""หน้า"",""ชั้น"",""ว่า"",""เธอ"",""จะ"",""แต่งหน้า"",""มา"",""เรียน"",""ทำไม"",""มา"",""เรียน"",""ไม่"",""ได้"",""มาหา"",""ผัว"",""ถ้า"",""แต่งหน้า"",""แล้ว"",""มี"",""ผัว"",""ทุกวัน"",""ี้"",""จะ"",""ก็"",""จะ"",""ทำ"",""จ้ะ"",""ปล."",""ครู"",""ที่"",""พูด"",""แต่งหน้า"",""แต่"",""ไม่"",""มี"",""ผัว""]","[[0,1,2,3,4,5,6,7,8,9,10,11,12,13,14,15,16,17,18,19,20,21,22,23,24,25,26,27,28,29,30,31,32,33,34,35,36,37,38,39,40,41,42]]","[[0,1,2,3,4,5]]","[""NON-GB""]","[[""C""]]",NON-GB
1983499992892338314,เด็ก2ขวบางคนยังพูดไม่รู้เรื่องเลยด้วยซ้ำ,"[""เด็ก"",""2"",""ขว"",""บางคน"",""ยัง"",""พูดไม่รู้เรื่อง"",""เลย"",""ด้วยซ้ำ""]",[],[],[],[],NON-GB
1983634613231923646,ถูกต้อง,"[""ถูกต้อง""]",[],[],[],[],NON-GB
1984902274666389916,เสียงในหัวดังมาก สงสาร ฟค,"[""เสียง"",""ใน"",""หัว"",""ดัง"",""มาก"",""สงสาร"",""ฟค""]",[],[],[],[],NON-GB
1985647761510044146,เค้าหมายถึงอยากติ่งแบไหนก็ติ่งปะ แบไม่ต้องไม่เสือกเรื่องความชอบคนอื่นแบนี้น่ะ,"[""เค้า"",""หมายถึง"",""อยาก"",""ติ่ง"",""แบ"",""ไหน"",""ก็"",""ติ่ง"",""ปะ"",""แบ"",""ไม่ต้อง"",""ไม่"",""เสือก"",""เรื่อง"",""ความชอบ"",""คนอื่น"",""แบ"",""นี้"",""น่ะ""]",[],[],[],[],NON-GB
1985968002320515456,รู้สึกแปลกๆตั้งแต่เห็นคำว่า คงปิดอู่แล้ว คือมาสาระแนอะไรกับมดลูกคนอื่นหรอ,"[""รู้สึก"",""แปลก"",""ๆ"",""ตั้งแต่"",""เห็น"",""คำ"",""ว่า"",""คง"",""ปิด"",""อู่"",""แล้ว"",""คือ"",""มา"",""สาระแน"",""อะไร"",""กับ"",""มดลูก"",""คนอื่น"",""หรอ""]","[[12,13,14,15,16,17,18],[0,1,2,3,4,5,6,7,8,9,10,11,12,13,14,15,16,17,18]]","[[13,14,15,16,17],[0,1,2,3,13,14,15,16,17]]","[""NON-GB"",""NON-GB""]","[[""C""],[""C""]]",NON-GB
1987055170363289973,ไม่มีไรทำที่เป็นประโยชนกับตัวเองนอกจาก แขวนคนอื่นเหรอคะ ไม่แปลกใจกล้าแต่ในทวิต ด้อยค่างานคนอื่น,"[""ไม่"",""มี"",""ไร"",""ทำ"",""ที่"",""เป็น"",""ประ"",""โย"",""ชน"",""กับ"",""ตัวเอง"",""นอกจาก"",""แขวน"",""คนอื่น"",""เหรอ"",""คะ"",""ไม่"",""แปลก"",""ใจกล้า"",""แต่"",""ใน"",""ทวิ"",""ต"",""ด้อยค่า"",""งาน"",""คนอื่น""]",[],[],[],[],NON-GB
1987409106219770272,การปั่นกระแสนี่มัน่ากลัวจริงๆ เมื่อผู้คนอยากเด่นอยากดังไปกับการไหลตามกระแส,"[""การ"",""ปั่น"",""กระแส"",""นี่"",""มัน"",""่า"",""กลัว"",""จริงๆ"",""เมื่อ"",""ผู้คน"",""อยาก"",""เด่น"",""อยาก"",""ดัง"",""ไป"",""กับ"",""การ"",""ไหล"",""ตาม"",""กระแส""]",[],[],[],[],NON-GB
1987539966797435079,เปิดวาปคนแชร์โพสมาหน่อยค่ะจะไปเตือนสติน้องเขาก็มีแฟนอยู่แล้วควรหยุดเนอะร่านหรือคันก็ไปหาคนอื่นมาเกาให้ค่ะไม่ใช่มาล่อเด็กน้องมันก็เลือกเนอะ,"[""เปิด"",""วา"",""ปคน"",""แชร์"",""โพ"",""สมา"",""หน่อย"",""ค่ะ"",""จะ"",""ไป"",""เตือนสติ"",""น้อง"",""เขา"",""ก็"",""มี"",""แฟน"",""อยู่แล้ว"",""ควร"",""หยุด"",""เนอะ"",""ร่าน"",""หรือ"",""คัน"",""ก็"",""ไปหา"",""คนอื่น"",""มา"",""เกา"",""ให้"",""ค่ะ"",""ไม่"",""ใช่"",""มา"",""ล่อ"",""เด็ก"",""น้อง"",""มัน"",""ก็"",""เลือก"",""เนอะ""]","[[20,21,22,23,24,25,26,27,28,29,30,31,32,33,34]]","[[20,21,22,23,24,25]]","[""GB-ATTACK""]","[[""A"",""B""]]",GB
1987753707019321432,แล้วไปเสือกไรกับเขาอ่ะ คนสองคนจะคบใครมันอยู่ที่ฝ่ายชายฝั่งเดียวเลยมั้ง,"[""แล้วไป"",""เสือก"",""ไร"",""กับ"",""เขา"",""อ่ะ"",""คน"",""สอง"",""คน"",""จะ"",""คบ"",""ใคร"",""มัน"",""อยู่"",""ที่"",""ฝ่าย"",""ชายฝั่ง"",""เดียว"",""เลย"",""มั้ง""]","[[0,1,2,3,4,5,6,7,8,9,10,11,12,13,14,15,16,17,18,19]]","[[0,1,2,3,4,5]]","[""NON-GB""]","[[""C""]]",NON-GB
1987960428492976187,อันี้คือไรอะ มีปม หรือเรียกร้องความสนใจเนี่ย ระรานคนอื่นไปทั่ว,"[""อัน"",""ี้"",""คือ"",""ไร"",""อะ"",""มี"",""ปม"",""หรือ"",""เรียกร้อง"",""ความสนใจ"",""เนี่ย"",""ระราน"",""คนอื่น"",""ไป"",""ทั่ว""]",[],[],[],[],NON-GB
1988701697229877615,ถ้าหน้าตาไม่สวย แล้วจะไปหามาตราฐานสูงกว่าที่ไหน เหมือนดูpretty womanแล้วมาเขียน,"[""ถ้า"",""หน้าตา"",""ไม่"",""สวย"",""แล้"",""วจะ"",""ไปหา"",""มาตรา"",""ฐาน"",""สูง"",""กว่า"",""ที่ไหน"",""เหมือน"",""ดู"",""pretty"",""woman"",""แล้ว"",""มา"",""เขียน""]",[],[],[],[],NON-GB
1991515928211890372,เอ นักเรียนที่ไหน จะไปยัอมผม แต่งหน้าไปเรียน ถ้าไม่ใช่สก๊อย,"[""เอ"",""นักเรียน"",""ที่ไหน"",""จะ"",""ไป"",""ยัอมผม"",""แต่งหน้า"",""ไป"",""เรียน"",""ถ้า"",""ไม่"",""ใช่"",""สก๊อย""]","[[1,2,3,4,5,6,7,8,9,10,11,12]]","[[1,5,6,7,8,12]]","[""GB-NORMATIVE""]","[[""A"",""B""]]",GB
1991554029454020930,แล้วทำไมเขาไม่มีสิทธิ์อวดวะ? กูง? คือมันไปกระตุกต่อมอิจฉา loser ในใจมึงเหรอ? มึงไม่ชอบก็เลื่อนผ่าน ถ้าเมไม่ให้ความสำคัญมึงปัญหามันอยู่ที่มึงแล้วไง กูเตือนหลายรอบแล้ว่าพวกมึงอย่า simp ก็ไม่ฟัง เป็นไงมาขู่จะไม่จ่ายิ่งดูloser ในสายตาเมไปอีก ส่วนวง bnk กับ cgm มันจะเจ๊งกูไม่แคร์,"[""แล้ว"",""ทำไม"",""เขา"",""ไม่"",""มีสิทธิ์"",""อวด"",""วะ"",""?"",""กู"",""ง"",""?"",""คือ"",""มัน"",""ไป"",""กระตุก"",""ต่อม"",""อิจฉา"",""loser"",""ใน"",""ใจ"",""มึง"",""เหรอ"",""?"",""มึง"",""ไม่"",""ชอบ"",""ก็"",""เลื่อน"",""ผ่าน"",""ถ้า"",""เม"",""ไม่"",""ให้ความสำคัญ"",""มึง"",""ปัญหา"",""มัน"",""อยู่"",""ที่"",""มึง"",""แล้ว"",""ไง"",""กู"",""เตือน"",""หลาย"",""รอบ"",""แล้"",""ว่า"",""พวก"",""มึง"",""อย่า"",""simp"",""ก็"",""ไม่"",""ฟัง"",""เป็นไง"",""มา"",""ขู่"",""จะ"",""ไม่"",""จ่า"",""ยิ่ง"",""ดู"",""loser"",""ใน"",""สายตา"",""เม"",""ไป"",""อีก"",""ส่วน"",""วง"",""bnk"",""กับ"",""cgm"",""มัน"",""จะ"",""เจ๊ง"",""กู"",""ไม่"",""แคร์""]",[],[],[],[],NON-GB
7565141000596112146,จริงค่ะ..ไร้ศักดิ์ศรีสิ้นดี,"[""จริง"",""ค่ะ"","".."",""ไร้"",""ศักดิ์ศรี"",""สิ้นดี""]",[],[],[],[],NON-GB
UghH2TcHmf549ngCoAEC,แต่กระเทยส่วนมากจะแต่งหน้าเก่งแต่งซะบางทีหน้าสวยเลย เกี่ยสกะเพลงไหม w,"[""แต่"",""กระ"",""เท"",""ย"",""ส่วนมาก"",""จะ"",""แต่งหน้า"",""เก่ง"",""แต่ง"",""ซะ"",""บาง"",""ทีหน้า"",""สวย"",""เลย"",""เกี่ยส"",""กะ"",""เพลง"",""ไหม"",""w""]","[[1,2,3,4,5,6,7]]","[[1,2,3,4,6,7]]","[""GB-NORMATIVE""]","[[""A"",""B""]]",GB
Ugw2O-gt-c5-SS_tWuh4AaABAg,แล้วนี่ชอบแต่งหน้านอนมาก ไม่อกจากบ้าน แต่งแล้วนอนกลางวัน ฮีจะว่านี่แต่งไปอ่อยผู้ชายในฝันอีกมั้ย,"[""แล้ว"",""นี่"",""ชอบ"",""แต่งหน้า"",""นอน"",""มาก"",""ไม่"",""อก"",""จาก"",""บ้าน"",""แต่ง"",""แล้ว"",""นอน"",""กลางวัน"",""ฮี"",""จะ"",""ว่า"",""นี่"",""แต่ง"",""ไป"",""อ่อย"",""ผู้ชาย"",""ใน"",""ฝัน"",""อีก"",""มั้ย""]",[],[],[],[],NON-GB
Ugw5dz9HduzaJZJo77F4AaABAg,ผู้หญิงแต่งหน้าให้ผู้ชายสนใจ ผู้ชายก็ดูแลร่างกายให้ฟิตแข็งแรง แต่งตัวให้ดูดี ฉีดน้ำหอม บางคนก็ศัลยกรมหน้า งอยู่ว่าไม่เคยคิดมุมกลับหรือยังไง ขนาดสัตว์ยังมี นกยูงตัวผู้แพนหางให้ตัวเมียสนใจ สัตว์ทุกชนิดทุกเพศมีกลไการจีบ หรือ เกี้ยวพาราสี เพื่อการดำรงเผ่าพันธุ์หมด มนุษย์ก็เช่นกัน,"[""ผู้หญิง"",""แต่งหน้า"",""ให้"",""ผู้ชาย"",""สนใจ"",""ผู้ชาย"",""ก็"",""ดูแล"",""ร่างกาย"",""ให้"",""ฟิต"",""แข็งแรง"",""แต่งตัว"",""ให้"",""ดูดี"",""ฉีด"",""น้ำหอม"",""บางคน"",""ก็"",""ศัลย"",""กรม"",""หน้า"",""งอ"",""ยู่"",""ว่า"",""ไม่"",""เคย"",""คิด"",""มุมกลับ"",""หรือ"",""ยังไง"",""ขนาด"",""สัตว์"",""ยังมี"",""นกยูง"",""ตัวผู้"",""แพน"",""หาง"",""ให้"",""ตัวเมีย"",""สนใจ"",""สัตว์"",""ทุกชนิด"",""ทุก"",""เพศ"",""มี"",""กลไก"",""าร"",""จีบ"",""หรือ"",""เกี้ยวพาราสี"",""เพื่อ"",""การดำรง"",""เผ่าพันธุ์"",""หมด"",""มนุษย์"",""ก็"",""เช่นกัน""]","[[0,1,2,3,4],[5,6,7,8,9,10,11,12,13,14,15,16,17,18,19,20,21]]","[[0,1,2,3,4],[5,7,8,11,12,14,15,16,19,20,21]]","[""GB-NORMATIVE"",""GB-NORMATIVE""]","[[""A"",""B""],[""A"",""B""]]",GB
UgwBlcyuiCAG_XqzG1F4AaABAg,เมียมันก็แต่งหน้าให้ ผู้ชาย คนอื่นมองเหมือนกัน ถ้ามืงเอาตรกะเดียวกัน,"[""เมีย"",""มัน"",""ก็"",""แต่งหน้า"",""ให้"",""ผู้ชาย"",""คนอื่น"",""มอง"",""เหมือนกัน"",""ถ้า"",""มืง"",""เอา"",""ตร"",""กะ"",""เดียวกัน""]","[[0,1,2,3,4,5,6,7,8,9,10,11,12,13,14]]","[[9,10,11,12,13,14]]","[""NON-GB""]","[[""C""]]",NON-GB
UgwMORS5uI6KTO5Rybd4AaABAg,แต่งหน้าเพราะอยากแต่งค่า ไม่มาสนใจให้คนอย่างหล่อนมองหรอกค่า ไม่แต่งก็สวยจร้า ไม่สนใจหรอกค่ะว่าชายจะมองท่านไหนจะมอง แต่ต้องสวยค่ะ อีวอก มายเซ็ตอุบาท,"[""แต่งหน้า"",""เพราะ"",""อยาก"",""แต่ง"",""ค่า"",""ไม่"",""มา"",""สนใจ"",""ให้"",""คน"",""อย่าง"",""หล่อน"",""มอง"",""หรอก"",""ค่า"",""ไม่"",""แต่ง"",""ก็"",""สวย"",""จ"",""ร้า"",""ไม่"",""สนใจ"",""หรอก"",""ค่ะ"",""ว่า"",""ชาย"",""จะ"",""มอง"",""ท่าน"",""ไหนจะ"",""มอง"",""แต่"",""ต้อง"",""สวย"",""ค่ะ"",""อี"",""วอก"",""มาย"",""เซ็ต"",""อุบาท""]",[],[],[],[],NON-GB
UgwNsbpJVJ0v97dr82p4AaABAg,การแต่งหน้าเพื่อคนอื่นหรือเพื่อตัวเอง เราแต่งเพื่อตัวเอง แต่ คนอื่น จะมามีบทบาทแค่ตอนเขาชมเรา เขา appreciate effortของเรา แต่เขาจะไม่มามีปัจัยกับการแต่งหน้าของเราเลยแม้แต่น้อย 1.เราแต่งเพราะเราชอบให้ตัวเองสวย เวลามองกระจก มันเหมือนเป็นบูสอัพลังานแบอัติโนมัติ และเราก็ชอบแต่งหน้ามาก เพราะมันเหมือนเป็นักศึกษาิลปะอย่างนึง มันมีขั้นมีตอนมีเทคนิค มีหลายแบหลายสไตล์ เป็นสิ่งที่เราทำแล้วพึงพอใจรู้สึกพร้อมไปใช้ชีวิตเป็นการใส่ใจดูแลตัวเอง แล้วมันทำได้เลยในทุกวันแบไม่ต้องรอปัจัยอะไร 2.ตรงนี้น่าจะคืไอสัส่วนที่เป็นบทบาท เพื่อคนอื่น สำหรับเรา คือการที่ใจมันฟูมาก เวลาผู้หญิงด้วยกันชมเว่ย ชมว่าเราสวย เราแต่งหน้าสวยนะ ควีนะ 3. ส่วนเรื่องดึงดูดผู้ชาย เรารู้สึกว่า ถ้าเขาเห็นเราแล้วคิดว่าเราสวย ก็ดี appreciate คำชมนะ แต่ถ้าจะบอกว่าเราแต่งทั้งหมดเพื่อดึงดูดผู้ชายเท่านั้นเพื่อคนอื่นเท่านั้น มึงเอาตัวเองเป็นักศึกษาูนย์กลางโลกไปไหน คิดว่าผู้หญิงทุกคนเขาให้ความสำคัญกับคนแบคุณหรอ โคตรขี้แพ้แถมเสร่อมากอะแต่งก็แต่งบนหน้ากู ผชจะสนหรือไม่สน กูจะดึงดูดใครไม่ดึงดูดใคร ก็กูจะแต่ง อย่ามาลดทอนคุณค่าคนอื่นเพื่อให้ตัวเองดูยิ่งใหญ่เกรียงไกร ไม่อยากจะเชื่ออายุ17ต้องมาอิหยังวะกับmindsetคนอายุเยอะกว่าตั้งกี่ปีก็ไม่รู้ older แต่ ไม่wiser มายเซทบูดเบี้ยว,"[""การ"",""แต่งหน้า"",""เพื่อ"",""คนอื่น"",""หรือ"",""เพื่อ"",""ตัวเอง"",""เรา"",""แต่ง"",""เพื่อ"",""ตัวเอง"",""แต่"",""คนอื่น"",""จะ"",""มา"",""มีบทบาท"",""แค่"",""ตอน"",""เขา"",""ชม"",""เรา"",""เขา"",""appreciate"",""effort"",""ของ"",""เรา"",""แต่"",""เขา"",""จะ"",""ไม่"",""มา"",""มี"",""ปัจัย"",""กับ"",""การ"",""แต่งหน้า"",""ของ"",""เรา"",""เลย"",""แม้แต่น้อย"",""1"",""."",""เรา"",""แต่ง"",""เพราะ"",""เรา"",""ชอบ"",""ให้"",""ตัวเอง"",""สวย"",""เวลา"",""มอง"",""กระจก"",""มัน"",""เหมือน"",""เป็น"",""บูสอัพ"",""ลัง"",""าน"",""แบ"",""อัติ"",""โน"",""มัติ"",""และ"",""เรา"",""ก็"",""ชอบ"",""แต่งหน้า"",""มาก"",""เพราะ"",""มัน"",""เหมือน"",""เป็น"",""ัก"",""ศึกษา"",""ิล"",""ปะ"",""อย่าง"",""นึง"",""มัน"",""มี"",""ขั้น"",""มี"",""ตอน"",""มี"",""เทคนิค"",""มี"",""หลาย"",""แบ"",""หลาย"",""สไตล์"",""เป็น"",""สิ่ง"",""ที่"",""เรา"",""ทำ"",""แล้ว"",""พึงพอใจ"",""รู้สึก"",""พร้อม"",""ไป"",""ใช้ชีวิต"",""เป็นการ"",""ใส่ใจ"",""ดูแลตัวเอง"",""แล้ว"",""มัน"",""ทำได้"",""เลย"",""ใน"",""ทุกวัน"",""แบ"",""ไม่ต้อง"",""รอ"",""ปัจัย"",""อะไร"",""2"",""."",""ตรงนี้"",""น่าจะ"",""คื"",""ไอ"",""สัส่วน"",""ที่"",""เป็น"",""บทบาท"",""เพื่อ"",""คนอื่น"",""สำหรับ"",""เรา"",""คือ"",""การ"",""ที่"",""ใจ"",""มัน"",""ฟู"",""มาก"",""เวลา"",""ผู้หญิง"",""ด้วยกัน"",""ชม"",""เว่ย"",""ชม"",""ว่า"",""เรา"",""สวย"",""เรา"",""แต่งหน้า"",""สวย"",""นะ"",""ค"",""วี"",""นะ"",""3"",""."",""ส่วน"",""เรื่อง"",""ดึงดูด"",""ผู้ชาย"",""เรา"",""รู้สึก"",""ว่า"",""ถ้า"",""เขา"",""เห็น"",""เรา"",""แล้ว"",""คิด"",""ว่า"",""เรา"",""สวย"",""ก็ดี"",""appreciate"",""คำชม"",""นะ"",""แต่"",""ถ้า"",""จะ"",""บอ"",""กว่า"",""เรา"",""แต่ง"",""ทั้งหมด"",""เพื่อ"",""ดึงดูด"",""ผู้ชาย"",""เท่านั้น"",""เพื่อ"",""คนอื่น"",""เท่านั้น"",""มึง"",""เอา"",""ตัวเอง"",""เป็น"",""ัก"",""ศึกษา"",""ูนย์"",""กลาง"",""โลก"",""ไป"",""ไหน"",""คิด"",""ว่า"",""ผู้หญิง"",""ทุกคน"",""เขา"",""ให้ความสำคัญ"",""กับ"",""คน"",""แบ"",""คุณ"",""หรอ"",""โคตร"",""ขี้"",""แพ้"",""แถม"",""เสร่อ"",""มาก"",""อะ"",""แต่ง"",""ก็"",""แต่ง"",""บน"",""หน้า"",""กู"",""ผช"",""จะ"",""สน"",""หรือไม่"",""สน"",""กู"",""จะ"",""ดึงดูด"",""ใคร"",""ไม่"",""ดึงดูด"",""ใคร"",""ก็"",""กู"",""จะ"",""แต่ง"",""อย่า"",""มา"",""ลดทอน"",""คุณค่า"",""คนอื่น"",""เพื่อให้"",""ตัวเอง"",""ดู"",""ยิ่งใหญ่"",""เกรียงไกร"",""ไม่"",""อยาก"",""จะ"",""เชื่อ"",""อายุ"",""17"",""ต้อง"",""มา"",""อิ"",""หยัง"",""วะ"",""กับ"",""mindset"",""คน"",""อายุ"",""เยอะ"",""กว่า"",""ตั้ง"",""กี่"",""ปี"",""ก็"",""ไม่"",""รู้"",""older"",""แต่"",""ไม่"",""wiser"",""มาย"",""เซ"",""ท"",""บูดเบี้ยว""]","[[176,177,178,179,180,181,182,183,184,185,186,187,188,189,190,191,192,193,194,195,196,197,198,199,200,201,202,203,204,205,206,207,208,209,210,211]]","[[176,177,178,179,191,192,193,194,195,196,197,198,199,200]]","[""NON-GB""]","[[""C""]]",NON-GB
UgwOu0apkapKRSatRCV4AaABAg,ถ้าถามผญ. เขาจะบอกว่าแต่งหน้าให้ตัวเองสวย พี่สาวผมันแต่งหน้านอนเพราะตื่นมาส่องกระจกสวยเลย ถึงแม้มันจะลุกไปอาบน้ำทันทีก้เถอะ ละงี้มันแต่งหน้าตอนอนให้ ผู้ชาย.ที่ไหนดู... ปล.ที่รู้เพราพคราบลิปสติกที่หมอนาง แม่เจอตอนซักแม่เลยถามนาง ละนางเลยเล่าให้ฟังหัวเราะ,"[""ถ้า"",""ถาม"",""ผญ."",""เขา"",""จะ"",""บอ"",""กว่า"",""แต่งหน้า"",""ให้"",""ตัวเอง"",""สวย"",""พี่สาว"",""ผ"",""มัน"",""แต่งหน้า"",""นอน"",""เพราะ"",""ตื่น"",""มา"",""ส่องกระจก"",""สวย"",""เลย"",""ถึงแม้"",""มัน"",""จะ"",""ลุก"",""ไป"",""อาบน้ำ"",""ทันที"",""ก้"",""เถอะ"",""ละ"",""งี้"",""มัน"",""แต่งหน้า"",""ตอ"",""นอน"",""ให้"",""ผู้ชาย"",""."",""ที่ไหน"",""ดู"",""..."",""ปล."",""ที่"",""รู้"",""เพรา"",""พ"",""คราบ"",""ลิปสติก"",""ที่"",""หมอ"",""นาง"",""แม่"",""เจอ"",""ตอน"",""ซัก"",""แม่"",""เลย"",""ถาม"",""นาง"",""ละ"",""นาง"",""เลย"",""เล่า"",""ให้"",""ฟัง"",""หัวเราะ""]",[],[],[],[],NON-GB
UgwT81aJVF8UJ8tkSW94AaABAg,เสียงผช ฟังไม่ค่อยรู้เรื่องค่ะ,"[""เสียง"",""ผช"",""ฟัง"",""ไม่ค่อย"",""รู้เรื่อง"",""ค่ะ""]",[],[],[],[],NON-GB
UgwYUMfIwiKdaGZwWS14AaABAg,ทุกคนอย่าไปให้ค่าเสียเวลาชีวิตแม้แต่จะไปเม้นด่าเขาเลยค่ะ อย่าไปเพิ่มยอดเอนเกจให้เขาเลยค่ะ ให้เขาหายไปกับตรกป่วยๆของเขานั่นแหละ คนแบนี้ยิ่งคนมาสนใจยิ่งชอบ เขาไม่มีคนในชีวิตสักคนที่จะเตือนเขา เราคนอกบอกไปก็ไม่เข้าหัวเขาหรอกค่ะ เขาจะเชื่อแต่สิ่งที่อยากเชื่อเท่านั้นแหละค่ะ,"[""ทุกคน"",""อย่า"",""ไป"",""ให้"",""ค่า"",""เสียเวลา"",""ชีวิต"",""แม้แต่"",""จะ"",""ไป"",""เม้น"",""ด่า"",""เขา"",""เลย"",""ค่ะ"",""อย่า"",""ไป"",""เพิ่ม"",""ยอด"",""เอน"",""เกจ"",""ให้"",""เขา"",""เลย"",""ค่ะ"",""ให้"",""เขา"",""หาย"",""ไป"",""กับ"",""ตรก"",""ป่วย"",""ๆ"",""ของ"",""เขา"",""นั่นแหละ"",""คน"",""แบ"",""นี้"",""ยิ่ง"",""คน"",""มา"",""สนใจ"",""ยิ่ง"",""ชอบ"",""เขา"",""ไม่"",""มี"",""คนใน"",""ชีวิต"",""สัก"",""คน"",""ที่จะ"",""เตือน"",""เขา"",""เรา"",""คน"",""อก"",""บอก"",""ไป"",""ก็"",""ไม่"",""เข้า"",""หัว"",""เขา"",""หรอก"",""ค่ะ"",""เขา"",""จะ"",""เชื่อ"",""แต่"",""สิ่ง"",""ที่"",""อยาก"",""เชื่อ"",""เท่า"",""นั้นแหละ"",""ค่ะ""]",[],[],[],[],NON-GB
UgwgAjkY9gGfOsqd2uR4AaABAg,ผู้หญิงแต่งหน้า เพราะเรื่องสืบพันธุ์ ดึงดูดเพศตรงข้าม? คิดได้ไง? การที่เราแต่งหน้าทุกวัน เพราะต้องการมีเพศสัมพันธ์ทุกวันอย่างั้นหรอ บิดเบี้ยวมาก,"[""ผู้หญิง"",""แต่งหน้า"",""เพราะ"",""เรื่อง"",""สืบพันธุ์"",""ดึงดูด"",""เพศตรงข้าม"",""?"",""คิดได้"",""ไง"",""?"",""การ"",""ที่"",""เรา"",""แต่งหน้า"",""ทุกวัน"",""เพราะ"",""ต้องการ"",""มีเพศสัมพันธ์"",""ทุกวัน"",""อย่า"",""งั้น"",""หรอ"",""บิดเบี้ยว"",""มาก""]","[[0,1,2,3,4,5,6,7,8,9,10,11,12,13,14,15,16,17,18,19,20,21,22,23,24]]","[[8,9,11,12,13,14,15,16,17,18,19,20,21,22,23,24]]","[""NON-GB""]","[[""C""]]",NON-GB
UgwhCmW6UinFoDAVPUp4AaABAg,อยากไปตอบเค้าว่าชั้นแต่งหน้าแต่งตัวสวยๆเพื่อไปดูคอนเสิร์ต แต่งหน้าให้เพื่อน พี่ น้อง ผู้หญิงชมจ้า อวยกันเอง เชียร์อัพกันเอง เคสอ้วนเบาหวานี่ตลก บางคนเค้าเป็นตั้งแต่เกิด เลือกไม่ได้อ่ะ โรคทางพันธุกรม แต่ไม่น่าเถียงชนะ ตราชั่งในสมองเอียง ตรกะแปลก ขอบคุณคุณเนมากค่ะที่ช่วยสรุปให้,"[""อยาก"",""ไป"",""ตอบ"",""เค้า"",""ว่า"",""ชั้น"",""แต่งหน้า"",""แต่งตัว"",""สวย"",""ๆ"",""เพื่อ"",""ไปดู"",""คอนเสิร์ต"",""แต่งหน้า"",""ให้"",""เพื่อน"",""พี่"",""น้อง"",""ผู้หญิง"",""ชม"",""จ้า"",""อวย"",""กันเอง"",""เชียร์"",""อัพ"",""กันเอง"",""เคส"",""อ้วน"",""เบา"",""หวา"",""นี่"",""ตลก"",""บางคน"",""เค้า"",""เป็น"",""ตั้งแต่"",""เกิด"",""เลือกไม่ได้"",""อ่ะ"",""โรค"",""ทาง"",""พันธุ"",""กรม"",""แต่"",""ไม่"",""น่า"",""เถียง"",""ชนะ"",""ตราชั่ง"",""ใน"",""สมอง"",""เอียง"",""ตร"",""กะ"",""แปลก"",""ขอบคุณ"",""คุณ"",""เน"",""มาก"",""ค่ะ"",""ที่"",""ช่วย"",""สรุป"",""ให้""]",[],[],[],[],NON-GB
UgwjhH2uvDaNUSXzZgB4AaABAg,เราแต่งหน้าเพราะ ต้องใช้หน้าทำงาน กับแต่งเพื่อนให้แฟนภูมิใจที่คบเราเพราะเราสวย ไม่เคยคิดแต่งหน้าเพื่อ่อยเลยนะ ง มันมีบางอย่างทีเค้าบอกแต่แย่่ามาฟันธงสิง่าทุกคนที่แต่งหน้าต้องไปอ่อย,"[""เรา"",""แต่งหน้า"",""เพราะ"",""ต้อง"",""ใช้"",""หน้า"",""ทำงาน"",""กับ"",""แต่ง"",""เพื่อน"",""ให้"",""แฟน"",""ภูมิใจ"",""ที่"",""คบ"",""เรา"",""เพราะ"",""เรา"",""สวย"",""ไม่"",""เคย"",""คิด"",""แต่งหน้า"",""เพื่อ"",""่อย"",""เลย"",""นะ"",""ง"",""มัน"",""มี"",""บางอย่าง"",""ที"",""เค้า"",""บอก"",""แต่"",""แย่"",""่า"",""มา"",""ฟันธง"",""สิ"",""ง่า"",""ทุกคน"",""ที่"",""แต่งหน้า"",""ต้อง"",""ไป"",""อ่อย""]","[[0,1,2,3,4,5,6,7,8,9,10,11,12,13,14,15,16,17,18,19,20,21,22,23,24,25,26,27,28,29,30,31,32,33,34,35,36,37,38,39,40,41,42,43,44,45,46]]","[[28,29,30,31,32,33,34,35,36,37,38,39,40,41,42,43,44,45,46]]","[""NON-GB""]","[[""C""]]",NON-GB
UgwpX4imB4npUxzH7id4AaABAg,ผมติดตามา3ปีแล้วนะครับแต่เรื่องแต่งหน้าสวยเพื่อผู้ชายผมว่ามันเป็นเรื่องจริงนะครับนิยามของคำว่าแต่งหน้าสวยคือแต่งตามสเปกที่ผู้ชายชอบ โกสกับอีโมไม่ได้ถือว่าเป็นการแต่งหน้าสวยนะครับเพราะเดิมที่มันเกิดมาจาการที่คนแตกแยกจากสังคมแล้วไม่ต้องการทำตามสังคม เรื่องกล้ามเรื่องรถมันก็คนละส่วนกันอีกครับมันเอามาวัดกันไม่ได้เลยเลยกับนิยามว่าแต่งหน้าสวย ถ้าผิดตรงไหนสามารถแย่งมาได้ครับ ขอคนที่มีเหตุผลด้วย ใครที่ผมไม่ตอบก็ขอให้รู้ไว้ว่าคุณเอาแต่อารมณ์ส่วนตัว,"[""ผม"",""ติดตา"",""มา"",""3"",""ปี"",""แล้ว"",""นะ"",""ครับ"",""แต่"",""เรื่อง"",""แต่งหน้า"",""สวย"",""เพื่อ"",""ผู้ชาย"",""ผม"",""ว่า"",""มัน"",""เป็น"",""เรื่องจริง"",""นะ"",""ครับ"",""นิยาม"",""ของ"",""คำ"",""ว่า"",""แต่งหน้า"",""สวย"",""คือ"",""แต่ง"",""ตาม"",""สเปก"",""ที่"",""ผู้ชาย"",""ชอบ"",""โกส"",""กับ"",""อี"",""โม"",""ไม่"",""ได้"",""ถือว่า"",""เป็นการ"",""แต่งหน้า"",""สวย"",""นะ"",""ครับ"",""เพราะ"",""เดิม"",""ที่"",""มัน"",""เกิด"",""มา"",""จา"",""การ"",""ที่"",""คน"",""แตก"",""แยกจาก"",""สังคม"",""แล้ว"",""ไม่ต้อง"",""การทำตาม"",""สังคม"",""เรื่อง"",""กล้าม"",""เรื่อง"",""รถ"",""มัน"",""ก็"",""คนละ"",""ส่วน"",""กัน"",""อีก"",""ครับ"",""มัน"",""เอา"",""มา"",""วัด"",""กัน"",""ไม่"",""ได้"",""เลย"",""เลย"",""กับ"",""นิยาม"",""ว่า"",""แต่งหน้า"",""สวย"",""ถ้า"",""ผิด"",""ตรงไหน"",""สามารถ"",""แย่ง"",""มา"",""ได้"",""ครับ"",""ขอ"",""คน"",""ที่"",""มีเหตุผล"",""ด้วย"",""ใคร"",""ที่"",""ผม"",""ไม่"",""ตอบ"",""ก็"",""ขอให้"",""รู้"",""ไว้"",""ว่า"",""คุณ"",""เอาแต่"",""อารมณ์"",""ส่วนตัว""]","[[9,10,11,12,13,14,15,16,17,18,19,20,21,22,23,24,25,26,27,28,29,30,31,32,33]]","[[10,11,12,13,18,28,29,30,31,32,33]]","[""GB-NORMATIVE""]","[[""B"",""A""]]",GB
Ugwt8gpRbyNQnrqMCZt4AaABAg,คือคนประเภทนี้มันสงสัยมากว่าปกติใช้โลชั่นไหม คือเราใช้แชมพูแบเดียวกันได้เว้ย ใช้ดินสอเขียนคิ้วตัวเดียวกันก็ยังได้ แล้วผู้หญิงดูแลตัวเองได้มากว่าตรงไหนวร้ะ? ซกมก็บ๊อก,"[""คือ"",""คน"",""ประเภท"",""นี้"",""มัน"",""สงสัย"",""มา"",""กว่า"",""ปกติ"",""ใช้"",""โลชั่น"",""ไหม"",""คือ"",""เรา"",""ใช้"",""แชมพู"",""แบ"",""เดียวกัน"",""ได้"",""เว้ย"",""ใช้"",""ดินสอ"",""เขียน"",""คิ้ว"",""ตัว"",""เดียวกัน"",""ก็"",""ยัง"",""ได้"",""แล้ว"",""ผู้หญิง"",""ดูแลตัวเอง"",""ได้มา"",""กว่า"",""ตรง"",""ไห"",""นว"",""ร้ะ"",""?"",""ซก"",""ม"",""ก็"",""บ๊อก""]","[[0,1,2,3,4,5,6,7,8,9,10,11,12,13,14,15,16,17,18,19,20,21,22,23,24,25,26,27,28,29,30,31,32,33,34,35,36,37,38,39,40,41,42]]","[[29,30,31,32,33,34,35,36,37,38,39,40,41,42]]","[""NON-GB""]","[[""C""]]",NON-GB
UgwwUwDc5cwVmUAaH494AaABAg,หรือตั้งใจเบียว เพื่อให้เป็นกระแส เป็นคอนเทนแบ ฮซป,"[""หรือ"",""ตั้งใจ"",""เบียว"",""เพื่อให้"",""เป็น"",""กระแส"",""เป็น"",""คอน"",""เท"",""น"",""แบ"",""ฮซป""]",[],[],[],[],NON-GB
Ugx2Guw6l33_s0Gd8UN4AaABAg,ผู้หญิงแต่งหน้าเพื่อ ดึงดูดเพศตรงข้าม แล้วถ้าผู้หญิง จะดึงดูดเพศเดียวกัน ต้องแต่งไรอะ,"[""ผู้หญิง"",""แต่งหน้า"",""เพื่อ"",""ดึงดูด"",""เพศตรงข้าม"",""แล้ว"",""ถ้า"",""ผู้หญิง"",""จะ"",""ดึงดูด"",""เพศ"",""เดียวกัน"",""ต้อง"",""แต่ง"",""ไร"",""อะ""]","[[0,1,2,3,4,5,6,7,8,9,10,11,12,13,14,15]]","[[5,6,7,8,9,10,11,12,13,14,15]]","[""NON-GB""]","[[""C""]]",NON-GB
Ugx52pf5_vBQoCBfinp4AaABAg,ทำไมเราถึงยังต้องให้ค่าคนแบนี้ด้วยครับ แค่กดรีพอร์ตช่อง แล้วก็ไม่ต้องสนคอนเทนต์เขาแค่นี้ ผมว่าเขาก็ทำอะไรไม่ได้แล้วละครับ ปล่อยให้เขาจมหายไปเถอะ,"[""ทำไม"",""เรา"",""ถึง"",""ยัง"",""ต้อง"",""ให้"",""ค่า"",""คน"",""แบ"",""นี้"",""ด้วย"",""ครับ"",""แค่"",""กด"",""รีพอร์ต"",""ช่อง"",""แล้วก็"",""ไม่ต้อง"",""สน"",""คอนเทนต์"",""เขา"",""แค่นี้"",""ผม"",""ว่า"",""เขา"",""ก็"",""ทำ"",""อะไร"",""ไม่"",""ได้"",""แล้ว"",""ละ"",""ครับ"",""ปล่อย"",""ให้"",""เขา"",""จม"",""หาย"",""ไป"",""เถอะ""]",[],[],[],[],NON-GB
Ugx8q38AxiwcLtNL2ex4AaABAg,เรื่องของความสวยความหล่อ ความั่นใจเนี่ย ผมจะบอกให้นะครับ คือผู้หญิงเขาแต่งหน้า ไม่จำเป็นต้องไปให้ใครเห็นหรอก บางทีเขาแต่งเพราะเวลาส่องกระจกแล้วมันมั่นใจไง มันเห็นแล้วรู้สึกดีกว่า อย่างผมผู้ชายก็เป็น มีหุ่นที่ดีหน้าตาดีผิวดี เวลาส่องกระจกมันมั่นใจกว่าป่ะวะ อกไปข้างนอกอะ มันแค่มั่นใจแค่นั้นเลย ตัวเองส่องกระจกแล้วรู้สึกว่ามันดี พอใจก็ดีกว่าไหมอะ คนบ้าไรอกไปข้างนอกแค่ผมกระเซิงก็อายแล้วนะจริงๆ,"[""เรื่อง"",""ของ"",""ความ"",""สวย"",""ความ"",""หล่อ"",""ค"",""วา"",""มั่นใจ"",""เนี่ย"",""ผม"",""จะ"",""บอก"",""ให้"",""นะ"",""ครับ"",""คือ"",""ผู้หญิง"",""เขา"",""แต่งหน้า"",""ไม่"",""จำเป็นต้อง"",""ไป"",""ให้"",""ใคร"",""เห็น"",""หรอก"",""บางที"",""เขา"",""แต่ง"",""เพราะ"",""เวลา"",""ส่องกระจก"",""แล้ว"",""มัน"",""มั่นใจ"",""ไง"",""มัน"",""เห็น"",""แล้ว"",""รู้สึก"",""ดีกว่า"",""อย่าง"",""ผม"",""ผู้ชาย"",""ก็"",""เป็น"",""มี"",""หุ่น"",""ที่"",""ดี"",""หน้าตา"",""ดี"",""ผิ"",""วดี"",""เวลา"",""ส่องกระจก"",""มัน"",""มั่นใจ"",""กว่า"",""ป่ะ"",""วะ"",""อก"",""ไป"",""ข้างนอก"",""อะ"",""มัน"",""แค่"",""มั่นใจ"",""แค่นั้น"",""เลย"",""ตัวเอง"",""ส่องกระจก"",""แล้ว"",""รู้สึก"",""ว่า"",""มันดี"",""พอใจ"",""ก็"",""ดีกว่า"",""ไหม"",""อะ"",""คนบ้า"",""ไร"",""อก"",""ไป"",""ข้างนอก"",""แค่"",""ผม"",""กระเซิง"",""ก็"",""อาย"",""แล้ว"",""นะ"",""จริงๆ""]",[],[],[],[],NON-GB
Ugx8wjF8u4h9Hb5Gu6F4AaABAg,โอ๊ย จะไปเจอผู้ชาย ยังไม่คิดเรื่องแต่งหน้าหนักเท่าจะไปถ่ายบัตรปช.เลย อย่าสำคัญตัวผิดจ้า,"[""โอ๊ย"",""จะ"",""ไป"",""เจอ"",""ผู้ชาย"",""ยัง"",""ไม่"",""คิด"",""เรื่อง"",""แต่งหน้า"",""หนัก"",""เท่า"",""จะ"",""ไป"",""ถ่าย"",""บัตร"",""ปช"",""."",""เลย"",""อย่า"",""สำคัญ"",""ตัว"",""ผิด"",""จ้า""]","[[0,1,2,3,4,5,6,7,8,9,10,11,12,13,14,15,16,17,18,19,20,21,22,23]]","[[19,20,21,22,23]]","[""NON-GB""]","[[""C""]]",NON-GB
UgxCLUzTG62IzSCuzqx4AaABAg,เสียงคนถาม ผู้หญิงดีย์มากเลยครับ ปลื้มน้ำเสียงมากครับ,"[""เสียง"",""คน"",""ถาม"",""ผู้หญิง"",""ดีย์"",""มาก"",""เลย"",""ครับ"",""ปลื้ม"",""น้ำเสียง"",""มาก"",""ครับ""]",[],[],[],[],NON-GB
UgxI4H-s8W_fJB4FDi94AaABAg,ผมไม่ได้เหมารวมนะแต่ผมเห็นโครตเยอะเลยในx ชอบเอามาอ้างตอนเรียกสินสอดแต่งหน้าแต่งสวยเยอะขนาดนี่ก็ขอเรียกแพงๆหน่อย,"[""ผม"",""ไม่"",""ได้"",""เหมา"",""รวม"",""นะ"",""แต่"",""ผม"",""เห็น"",""โค"",""รต"",""เยอะ"",""เลย"",""ใน"",""x"",""ชอบ"",""เอา"",""มา"",""อ้าง"",""ตอน"",""เรียก"",""สินสอด"",""แต่งหน้า"",""แต่ง"",""สวย"",""เยอะ"",""ขนาด"",""นี่"",""ก็"",""ขอ"",""เรียก"",""แพง"",""ๆ"",""หน่อย""]","[[15,16,17,18,19,20,21,22,23,24,25,26,27,28,29,30,31,32,33]]","[[16,17,18,20,21,22,23,24,29,30,31,32]]","[""GB-NORMATIVE""]","[[""A"",""B""]]",GB
UgxJwhXG0j9Gpa8FVBp4AaABAg,รู้สึกเหมือนเขาป่วยจิตเลยอะ แบอยากเป็นที่สนใจ อยากได้รับความสนใจากผู้คนอะ ไม่รู้ว่าเป็น mindset เขาจริงๆ หรือแบแกล้งๆ ลง content negative เพื่อให้คนสนใจหรือเปล่า แต่ถ้าเป็น mindset เขาจริงๆ นี่คือแบ ปวด head กลุ้ม heart ของแทร่ ต้องอยู่อยู่กับคนแบนี้จีงดิแม๊!,"[""รู้สึก"",""เหมือน"",""เขา"",""ป่วย"",""จิต"",""เลย"",""อะ"",""แบ"",""อยาก"",""เป็นที่"",""สนใจ"",""อยาก"",""ได้รับ"",""ความสนใจ"",""าก"",""ผู้คน"",""อะ"",""ไม่"",""รู้"",""ว่า"",""เป็น"",""mindset"",""เขา"",""จริงๆ"",""หรือ"",""แบ"",""แกล้ง"",""ๆ"",""ลง"",""content"",""negative"",""เพื่อให้"",""คน"",""สนใจ"",""หรือเปล่า"",""แต่"",""ถ้า"",""เป็น"",""mindset"",""เขา"",""จริงๆ"",""นี่"",""คือ"",""แบ"",""ปวด"",""head"",""กลุ้ม"",""heart"",""ของ"",""แทร่"",""ต้อง"",""อยู่"",""อยู่"",""กับ"",""คน"",""แบ"",""นี้"",""จีง"",""ดิ"",""แม๊"",""!""]",[],[],[],[],NON-GB
UgxKMg_QS03yXQhAEkB4AaABAg,เป็นสิ่งมีชีวิตที่มองแล้วตลกมาก เหมือนคนสมองมีปัญหา 1แต่งหน้าเพื่อผู้ชาย เสือก กูแต่งเพื่อนความสวยงาม ความั่นใจ ความชอบส่วนตัว ไม่ใช่ผัวกุอย่าสาระแน 2ผู้หญิงผ่านผู้ชายมาเยอะ นอกใจเก่ง ไม่เกี่ยวค่า มีผัวมาจะ20คนละยังไม่เคยนอกใจใครเลยมีแต่ผู้ชายอ่ะนอกใจ 3 แต่งหน้าแดงแก้มแดงปากแดง กระตุ้นอารมณ์ อะไรคะ คนเขาชอบไม่เหมือนกันค่าอีดอก บางคนตาฟ้าปากส้ม บางคนแต่งดำๆแบสายฝอ เขาก็แต่งเพื่อความสุของเขา ไม่ได้แต่งมาให้หล่อนเยจนแก้มแดง 3.ผู้ชายผ่านผู้หญิงมาเยอะ ดี เอดแดกค่า กูไม่เอามาทำพันธุ์หรอก ผ่านมาเยอะ เปอเซนอกใจน้อยกว่า ไม่เกี่ยวค่ะ มันขึ้นอยู่กับตัวมึงเองว่ามึงจะนอกใจหรือเปล่า 4.ผู้หญิงอวยกันเอง ก็เรื่องปกติเห็นเพื่อนสวยกูก็อยากอวยผู้ชายมึงยังอวยกันเองได้เลย โคตเท่ครับจารย์ หล่อเฟี้ยว เท่ห์ว่ะสาส ? ปล.ตรวจสมองบ้างนะ ปล. มึงไม่ได้หล่อค่า ปล.สมองตรกะมีปัญหาแบนี้เล่นกล้ามจนตายก็ไม่มีใครเอาเลย,"[""เป็น"",""สิ่งมีชีวิต"",""ที่"",""มอง"",""แล้ว"",""ตลก"",""มาก"",""เหมือน"",""คน"",""สมอง"",""มีปัญหา"",""1"",""แต่งหน้า"",""เพื่อ"",""ผู้ชาย"",""เสือก"",""กู"",""แต่ง"",""เพื่อน"",""ความสวยงาม"",""ค"",""วา"",""มั่นใจ"",""ความชอบ"",""ส่วนตัว"",""ไม่"",""ใช่"",""ผัว"",""กุ"",""อย่า"",""สาระแน"",""2"",""ผู้หญิง"",""ผ่าน"",""ผู้ชาย"",""มา"",""เยอะ"",""นอกใจ"",""เก่ง"",""ไม่"",""เกี่ยว"",""ค่า"",""มี"",""ผัว"",""มา"",""จะ"",""20"",""คนละ"",""ยัง"",""ไม่"",""เคย"",""นอกใจ"",""ใคร"",""เลย"",""มี"",""แต่"",""ผู้ชาย"",""อ่ะ"",""นอกใจ"",""3"",""แต่ง"",""หน้าแดง"",""แก้มแดง"",""ปาก"",""แดง"",""กระตุ้น"",""อารมณ์"",""อะไร"",""คะ"",""คน"",""เขา"",""ชอบ"",""ไม่"",""เหมือนกัน"",""ค่า"",""อีดอก"",""บางคน"",""ตา"",""ฟ้า"",""ปาก"",""ส้ม"",""บางคน"",""แต่ง"",""ดำ"",""ๆ"",""แบ"",""สาย"",""ฝอ"",""เขา"",""ก็"",""แต่ง"",""เพื่อ"",""ความสุข"",""อง"",""เขา"",""ไม่"",""ได้"",""แต่ง"",""มา"",""ให้"",""หล่อน"",""เย"",""จน"",""แก้มแดง"",""3"",""."",""ผู้ชาย"",""ผ่าน"",""ผู้หญิง"",""มา"",""เยอะ"",""ดี"",""เอ"",""ด"",""แดก"",""ค่า"",""กู"",""ไม่"",""เอา"",""มา"",""ทำ"",""พันธุ์"",""หรอก"",""ผ่าน"",""มา"",""เยอะ"",""เปอ"",""เซ"",""นอกใจ"",""น้อยกว่า"",""ไม่"",""เกี่ยว"",""ค่ะ"",""มัน"",""ขึ้นอยู่กับ"",""ตัว"",""มึง"",""เอง"",""ว่า"",""มึง"",""จะ"",""นอกใจ"",""หรือเปล่า"",""4"",""."",""ผู้หญิง"",""อวย"",""กันเอง"",""ก็"",""เรื่อง"",""ปกติ"",""เห็น"",""เพื่อน"",""สวย"",""กู"",""ก็"",""อยาก"",""อวย"",""ผู้ชาย"",""มึง"",""ยัง"",""อวย"",""กันเอง"",""ได้"",""เลย"",""โค"",""ต"",""เท่"",""ครับ"",""จารย์"",""หล่อ"",""เฟี้ยว"",""เท่ห์"",""ว่ะ"",""สา"",""ส"",""?"",""ปล."",""ตรวจ"",""สมอง"",""บ้าง"",""นะ"",""ปล."",""มึง"",""ไม่"",""ได้"",""หล่อ"",""ค่า"",""ปล."",""สมอง"",""ตร"",""กะ"",""มีปัญหา"",""แบ"",""นี้"",""เล่นกล้าม"",""จนตาย"",""ก็"",""ไม่"",""มี"",""ใคร"",""เอาเลย""]","[[0,1,2,3,4,5,6,7,8,9,10,11,12,13,14,15,16,17,18,19,20,21,22,23,24,25,26,27,28,29,30,31,32,33,34,35,36,37,38,39,40,41,42,43,44,45,46,47,48,49,50,51,52,53,54,55,56,57,58,59,60,61,62,63,64,65,66,67,68,69,70,71,72,73,74,75,76,77,78,79,80,81,82,83,84,85,86,87,88,89,90,91,92,93,94,95,96,97,98,99,100,101,102,103,104,105,106,107,108,109,110,111,112,113,114,115,116,117,118,119,120,121,122,123,124,125,126,127,128,129,130,131,132,133,134,135,136,137,138,139,140,141,142,143,144,145,146,147,148,149,150,151,152,153,154,155,156,157,158,159,160,161,162,163,164,165,166,167,168,169,170,171,172,173,174,175,176,177,178,179,180,181,182,183,184,185,186,187,188,189,190,191,192,193,194,195,196,197,198,199,200,201]]","[[15,16,17,18,19,20,21,22,23,24,25,26,27,28,29,30,32,33,34,35,36,37,38,39,40,41,60,61,62,63,64,65,66,67,68,69,70,71,72,73,74,88,89,90,91,92,93,94,95,96,97,98,99,100,101,102,103,126,127,128,129,130,131,132,133,134,135,136,137,138,139,140,141,142,145,146,147,148,149,150,151,152,153,154,155,156,157,158,159,160,161,162,163,164]]","[""NON-GB""]","[[""C""]]",NON-GB
UgxTrkLoUIoR_iiQ4HJ4AaABAg,ถ้าแต่งหน้าเพื่อผช.แล้วฉันจะทาลิปัดแก้มละใส่แมสทับทำไม,"[""ถ้า"",""แต่งหน้า"",""เพื่อ"",""ผช."",""แล้ว"",""ฉัน"",""จะ"",""ทา"",""ลิ"",""ปัด"",""แก้"",""มละ"",""ใส่"",""แมส"",""ทับ"",""ทำไม""]","[[0,1,2,3,4,5,6,7,8,9,10,11,12,13,14,15]]","[[0,1,2,3,12,13,14,15]]","[""NON-GB""]","[[""C""]]",NON-GB
UgxXp24cfiO_uB2zfUF4AaABAg,ห้ะ ทำงานบริการลูกค้าคือ หน้าเราโทรมากนะเหมือนผี แต่งหน้าเพื่อ ให่ตัวเองดูดีขึ้นปิดจุด้อยบนใบหน้า,"[""ห้ะ"",""ทำงาน"",""บริการ"",""ลูกค้า"",""คือ"",""หน้า"",""เรา"",""โทร"",""มาก"",""นะ"",""เหมือน"",""ผี"",""แต่งหน้า"",""เพื่อ"",""ให่"",""ตัวเอง"",""ดู"",""ดีขึ้น"",""ปิด"",""จุ"",""ด้อย"",""บน"",""ใบหน้า""]",[],[],[],[],NON-GB
Ugx_7ScdjG1DvPCIS9t4AaABAg.A7HVLjTFNYJA7HVllew3Rp,ถ้าคิดว่าการเสริมสวย การพัฒนาด้านความงามบุคลิกภาพมันง่าย แกคิดผิดแล้ว คนที่หน้าตาดีถ้าแต่งตัวไม่เป็นก็ทำให้อร่าหม่องลง ยิ่งไม่ต้องพูดถึงคนที่เกิดมาหน้าตาติดลบเลย แล้วเกลียดมากคนที่มาดูถูกว่าผู้หญิงแค่สวยก็ใช้ชีวิตง่ายแล้ว ถ้าแกคิดว่าการทำให้ตัวเองดูดีมันง่าย ทำไมแกต้องดูไม่ดีละ ให้มันเหี้ยแค่หน้าพอ นิสัยไม่ต้องนะ,"[""ถ้า"",""คิด"",""ว่า"",""การเสริมสวย"",""การพัฒนา"",""ด้าน"",""ความงาม"",""บุคลิกภาพ"",""มัน"",""ง่าย"",""แก"",""คิดผิด"",""แล้ว"",""คน"",""ที่"",""หน้าตา"",""ดี"",""ถ้า"",""แต่งตัว"",""ไม่"",""เป็น"",""ก็"",""ทำให้"",""อ"",""ร่า"",""หม่อง"",""ลง"",""ยิ่ง"",""ไม่ต้อง"",""พูดถึง"",""คน"",""ที่เกิด"",""มา"",""หน้าตา"",""ติดลบ"",""เลย"",""แล้ว"",""เกลียด"",""มาก"",""คน"",""ที่มา"",""ดูถูก"",""ว่า"",""ผู้หญิง"",""แค่"",""สวย"",""ก็"",""ใช้ชีวิต"",""ง่าย"",""แล้ว"",""ถ้า"",""แก"",""คิด"",""ว่าการ"",""ทำให้"",""ตัวเอง"",""ดูดี"",""มัน"",""ง่าย"",""ทำไม"",""แก"",""ต้อง"",""ดู"",""ไม่"",""ดีละ"",""ให้"",""มัน"",""เหี้ย"",""แค่"",""หน้า"",""พอ"",""นิสัย"",""ไม่ต้อง"",""นะ""]","[[37,38,39,40,41,42,43,44,45,46,47,48,49,50,51,52,53,54,55,56,57,58,59,60,61,62,63,64,65,66,67,68,69,70,71,72,73]]","[[37,38,39,40,41,42,43,44,45,46,47,48,49]]","[""NON-GB""]","[[""C""]]",NON-GB
UgxbULHdf81jk6jlYdl4AaABAg,แต่ง drag ดึงดูดผู้ชายแบไหนได้บ้างมั้ยคะหัวเราะ,"[""แต่ง"",""drag"",""ดึงดูด"",""ผู้ชาย"",""แบ"",""ไหน"",""ได้"",""บ้าง"",""มั้ย"",""คะ"",""หัวเราะ""]",[],[],[],[],NON-GB
UgxeEOATNTYgFnBAtOB4AaABAg,เสียงไม่รู้เรื่องเลยควรปรัมปรุงนะ,"[""เสียง"",""ไม่"",""รู้เรื่อง"",""เลย"",""ควร"",""ป"",""รัม"",""ปรุง"",""นะ""]",[],[],[],[],NON-GB
UgxeQsW8XUs8o4LPUaF4AaABAg,เรื่องการแต่งหน้านี่ เหตุผลอย่างบ้งอ่ะ ถ้าเมียผมไปคุยงานคุยธุรกิจก็ต่องแต่งหน้าให้ดูดีให้เกียรติลูกค้าใช่ป่ะ ถ้าใช้เหตุผลพรี่แกละก็... เมียผมไปเต๊าะลูกค้า? ส่วนเรื่องผู้หญิงแค่แต่งมิดชิดก็ปลอดภัย ไม่โดนเล่นงาน...โหย...ทานโทษนะ คิดแบโจรสิโว้ย! ต่อให้แต่งมิดชิดแค่ไหน โจรมันก็เตรียมของมีคมกรีดเสื้อยู่ดี ผมรู้เลยว่าเป็นผู้ชายใช้ชีวิตจริงในสังคมน้อยมาก ตอนแรก็นึกว่าปั่นๆนะ พอฟังน้ำเสียงแล้ว... ของแทร่!,"[""เรื่อง"",""การ"",""แต่งหน้า"",""นี่"",""เหตุผล"",""อย่าง"",""บ้ง"",""อ่ะ"",""ถ้า"",""เมีย"",""ผม"",""ไป"",""คุย"",""งาน"",""คุย"",""ธุรกิจ"",""ก็"",""ต่องแต่ง"",""หน้า"",""ให้"",""ดูดี"",""ให้เกียรติ"",""ลูกค้า"",""ใช่"",""ป่ะ"",""ถ้า"",""ใช้"",""เหตุผล"",""พ"",""รี่"",""แกละ"",""ก็"",""..."",""เมีย"",""ผม"",""ไป"",""เต๊าะ"",""ลูกค้า"",""?"",""ส่วน"",""เรื่อง"",""ผู้หญิง"",""แค่"",""แต่ง"",""มิดชิด"",""ก็"",""ปลอดภัย"",""ไม่"",""โดน"",""เล่น"",""งา"",""น."","".."",""โหย"",""..."",""ทาน"",""โทษ"",""นะ"",""คิด"",""แบ"",""โจร"",""สิ"",""โว้ย"",""!"",""ต่อให้"",""แต่ง"",""มิดชิด"",""แค่"",""ไหน"",""โจร"",""มัน"",""ก็"",""เตรียม"",""ของมีคม"",""กรีด"",""เสื้อ"",""ยู่"",""ดี"",""ผม"",""รู้"",""เลย"",""ว่า"",""เป็น"",""ผู้ชาย"",""ใช้"",""ชีวิตจริง"",""ใน"",""สังคม"",""น้อย"",""มาก"",""ตอน"",""แรก็นึ"",""กว่า"",""ปั่น"",""ๆ"",""นะ"",""พอ"",""ฟัง"",""น้ำเสียง"",""แล้ว"",""..."",""ของ"",""แทร่"",""!""]","[[0,1,2,3,4,5,6,7,8,9,10,11,12,13,14,15,16,17,18,19,20,21,22,23,24,25,26,27,28,29,30,31,32,33,34,35,36,37,38,39,40,41,42,43,44,45,46,47,48,49,50,51,52,53,54,55,56,57,58,59,60,61,62,63,64,65,66,67,68,69,70,71,72,73,74,75,76,77,78,79,80,81,82,83,84,85,86,87,88,89,90,91,92,93,94,95,96,97,98,99,100,101,102,103]]","[[0,1,2,3,4,5,6,7,25,26,27,28,29,30,31,32,33,34,35,36,37,55,56,57,58,59,60,61,62,64,65,66,67,68,69,70,71,72,73,74,75,76,77]]","[""NON-GB""]","[[""C""]]",NON-GB
Ugxfp-sw5ivLVy1i-Dt4AaABAg.ALEqnjK58C-ALN1O-TL4Ya,เสียงเหมือน ดุดัน ไม่เกรงใจใคร,"[""เสียง"",""เหมือน"",""ดุดัน"",""ไม่"",""เกรงใจ"",""ใคร""]",[],[],[],[],NON-GB
UgxmmL-Wq3zaCUJAuBJ4AaABAg.A7HHZORF3zQA7HahhHth44,ที่ทำงานหญิงล้วน แต่เราแต่งหน้าทุกวันค่ะ เพราะต้อง maintain ความดูดี น่าเชื่อถือ ตอนทีคนในทีมเป็นชายล้วน ไม่เคยแต่งเลย เพราะรู้สึกว่าเค้าไม่แคร์ แถมถ้าทำตัวสวยังจะเขินใส่เราด้วย มันแล้วแต่กาละเทศะ ตรกะป่วยสุดๆ,"[""ที่ทำงาน"",""หญิง"",""ล้วน"",""แต่"",""เรา"",""แต่งหน้า"",""ทุกวัน"",""ค่ะ"",""เพราะ"",""ต้อง"",""maintain"",""ความ"",""ดูดี"",""น่าเชื่อถือ"",""ตอ"",""นที"",""คนใน"",""ทีม"",""เป็น"",""ชาย"",""ล้วน"",""ไม่"",""เคย"",""แต่ง"",""เลย"",""เพราะ"",""รู้สึก"",""ว่า"",""เค้า"",""ไม่"",""แคร์"",""แถม"",""ถ้า"",""ทำตัว"",""สว"",""ยัง"",""จะ"",""เขิน"",""ใส่"",""เรา"",""ด้วย"",""มัน"",""แล้วแต่"",""กา"",""ละ"",""เทศะ"",""ตร"",""กะ"",""ป่วย"",""สุด"",""ๆ""]",[],[],[],[],NON-GB
Ugxt-DJoIvwdRgNzqoh4AaABAg,2020ใครยังดูอยู่,"[""2020"",""ใคร"",""ยัง"",""ดู"",""อยู่""]",[],[],[],[],NON-GB
UgxxCuXISRYj_P9hYvp4AaABAg,เสียงเหมือนคนให้เสียงในช่องเนิร์ดเนื้อเลย,"[""เสียง"",""เหมือน"",""คน"",""ให้เสียง"",""ใน"",""ช่อง"",""เนิร์ด"",""เนื้อ"",""เลย""]",[],[],[],[],NON-GB
Ugy-fzFJMlndpAH9m-R4AaABAg,สำหรับเราคือ สาระแนอะไรกับผญ.งอะ wt มีปัญหาเกี่ยวกับผญ.หรอ งอะ เรื่องแต่งหน้าคือแบ เหลือกสุกมาก เป็นอะไร อะไรๆก็ paper แล้วอีpaper น่าเชื่อไปทั้งหมดเลยหรอ สาระแนที่สุด,"[""สำหรับ"",""เรา"",""คือ"",""สาระแน"",""อะไร"",""กับ"",""ผญ."",""ง"",""อะ"",""wt"",""มีปัญหา"",""เกี่ยวกับ"",""ผญ."",""หรอ"",""ง"",""อะ"",""เรื่อง"",""แต่งหน้า"",""คือ"",""แบ"",""เหลือก"",""สุก"",""มาก"",""เป็น"",""อะไร"",""อะไร"",""ๆ"",""ก็"",""paper"",""แล้ว"",""อี"",""paper"",""น่าเชื่อ"",""ไป"",""ทั้งหมด"",""เลย"",""หรอ"",""สาระแน"",""ที่สุด""]","[[0,1,2,3,4,5,6,7,8,9,10,11,12,13,14,15,16,17,18,19,20,21,22,23,24,25,26,27,28,29,30,31,32,33,34,35,36,37,38]]","[[0,1,2,3,4,5,6,7,8]]","[""NON-GB""]","[[""C""]]",NON-GB
Ugy06RHQXrA3rx5yDxZ4AaABAg,มันแค่อยากดังอยากเป็นกระแส คนไปให้ค่าแม่งเอง ถ้าไม่สนใจมันก็ไม่ดัง,"[""มัน"",""แค่"",""อยาก"",""ดัง"",""อยาก"",""เป็น"",""กระแส"",""คน"",""ไป"",""ให้"",""ค่า"",""แม่"",""ง"",""เอง"",""ถ้า"",""ไม่"",""สนใจ"",""มัน"",""ก็"",""ไม่"",""ดัง""]",[],[],[],[],NON-GB
Ugy1ZjKyFa1p5zyx0ul4AaABAg,เสียง ผู้ชายมันอื้อ ฟังไม่ค่อยรู้เรื่องค่ะเวลาทำนั่นทำนี่ไปด้วย ฝากแก้ไขด้วยนะ,"[""เสียง"",""ผู้ชาย"",""มัน"",""อื้อ"",""ฟัง"",""ไม่ค่อย"",""รู้เรื่อง"",""ค่ะ"",""เวลา"",""ทำ"",""นั่น"",""ทำ"",""นี่"",""ไป"",""ด้วย"",""ฝาก"",""แก้ไข"",""ด้วย"",""นะ""]",[],[],[],[],NON-GB
Ugy3DFXiQoLpQvkKdNN4AaABAg,ช่วงพูดถึงเรื่องแต่งหน้านี่คือแบ...อะไรวะคะ คือฉันจะแต่งหน้าเนี่ยจะต้องแต่งไปเพื่อยั่วเพศอย่างเดียวหรอ คิดงี้จริงดิ? คือสาวๆแต่งหน้าไปสัมภาษณ์งานหรือคุยงานคุยธุรกิจอะไรเนี่ยไม่ได้อ่อ เราก็ไม่รู้จักเขานะ มารู้จัก็คลิปเรดเนี่ย ดีละที่ที่ผ่านมาไม่รู้จัก,"[""ช่วง"",""พูดถึง"",""เรื่อง"",""แต่งหน้า"",""นี่"",""คือ"",""แบ"",""..."",""อะไร"",""วะ"",""คะ"",""คือ"",""ฉัน"",""จะ"",""แต่งหน้า"",""เนี่ย"",""จะ"",""ต้อง"",""แต่ง"",""ไป"",""เพื่อ"",""ยั่ว"",""เพศ"",""อย่าง"",""เดียว"",""หรอ"",""คิด"",""งี้"",""จริง"",""ดิ"",""?"",""คือ"",""สาว"",""ๆ"",""แต่งหน้า"",""ไป"",""สัมภาษณ์"",""งาน"",""หรือ"",""คุย"",""งาน"",""คุย"",""ธุรกิจ"",""อะไร"",""เนี่ย"",""ไม่"",""ได้"",""อ่อ"",""เรา"",""ก็"",""ไม่"",""รู้จัก"",""เขา"",""นะ"",""มา"",""รู้จัก"",""็"",""คลิป"",""เร"",""ด"",""เนี่ย"",""ดีละ"",""ที่"",""ที่ผ่านมา"",""ไม่"",""รู้จัก""]","[[8,9,10,11,12,13,14,15,16,17,18,19,20,21,22,23,24,25,26,27,28,29,30,31,32,33,34,35,36,37,38,39,40,41,42,43,44,45,46,47]]","[[12,13,14,15,16,17,18,19,20,21,22,23,24,25,26,27,28,29]]","[""NON-GB""]","[[""C""]]",NON-GB
Ugy4_ETTS9qymfR1b0x4AaABAg,อย่างเพื่อนสาวของผม ยังแต่งหน้าเพื่อเข้ากลุ่มเพื่อน อันี้ผมยกตัวอย่างการแต่งหน้าเพื่อผู้หญิงนะ แถมยังมีเหตุผลอีกมากมาย เช่นเพื่อการงานอาชีพ ตัวอย่าง พนักงานต้อนรับ หรือื่นๆอีก ตรกะพรี่แกป่วยมาก,"[""อย่าง"",""เพื่อน"",""สาว"",""ของ"",""ผม"",""ยัง"",""แต่งหน้า"",""เพื่อ"",""เข้ากลุ่ม"",""เพื่อน"",""อัน"",""ี้ผม"",""ยกตัวอย่าง"",""การ"",""แต่งหน้า"",""เพื่อ"",""ผู้หญิง"",""นะ"",""แถม"",""ยัง"",""มีเหตุผล"",""อีก"",""มากมาย"",""เช่น"",""เพื่อ"",""การ"",""งานอาชีพ"",""ตัวอย่าง"",""พนักงานต้อนรับ"",""หรือ"",""ื่นๆ"",""อีก"",""ตร"",""กะ"",""พ"",""รี่"",""แก"",""ป่วย"",""มาก""]",[],[],[],[],NON-GB
Ugy4tsyjx0Da3G-VAy94AaABAg,เสียงผู้ชายปรับด้วยฟังยาก ดัดเพื่อปกติก็ฟังยากยุแล้ว,"[""เสียง"",""ผู้ชาย"",""ปรับ"",""ด้วย"",""ฟัง"",""ยาก"",""ดัด"",""เพื่อ"",""ปกติ"",""ก็"",""ฟัง"",""ยาก"",""ยุ"",""แล้ว""]",[],[],[],[],NON-GB
Ugy6-Afyiu9AuEaUqk54AaABAg,นี่ก็คิดว่าเขาเรียกร้องความสนใจ ละคนก็ชอบไปให้ค่าอะไรแบนี้ด้วยนะ ทั้งๆที่เราสามารถมองข้ามันไปได้ คือไม่ต้องให้แสงเขาอะ แต่เขาก็น่าสงสารจริงแหละ,"[""นี่"",""ก็"",""คิด"",""ว่า"",""เขา"",""เรียกร้อง"",""ความสนใจ"",""ละ"",""คน"",""ก็"",""ชอบ"",""ไป"",""ให้"",""ค่า"",""อะไร"",""แบ"",""นี้"",""ด้วย"",""นะ"",""ทั้งๆ"",""ที่"",""เรา"",""สามารถ"",""มอง"",""ข้า"",""มัน"",""ไป"",""ได้"",""คือ"",""ไม่ต้อง"",""ให้"",""แสง"",""เขา"",""อะ"",""แต่"",""เขา"",""ก็"",""น่าสงสาร"",""จริง"",""แหละ""]",[],[],[],[],NON-GB
Ugy6Du7jgoIEL34R2Tl4AaABAg,ถ้าผู้หญิงแต่งหน้าเพื่อผู้ชายนี่... การที่กูทาตาฟ้ากรีดอายไลเนอร์หกหางแบ goth นี่คือผู้ชายชอบเหรอ?,"[""ถ้า"",""ผู้หญิง"",""แต่งหน้า"",""เพื่อ"",""ผู้ชาย"",""นี่"",""..."",""การ"",""ที่"",""กู"",""ทา"",""ตา"",""ฟ้า"",""กรีด"",""อาย"",""ไลเนอร์"",""หก"",""หาง"",""แบ"",""goth"",""นี่"",""คือ"",""ผู้ชาย"",""ชอบ"",""เหรอ"",""?""]","[[0,1,2,3,4,5,6,7,8,9,10,11,12,13,14,15,16,17,18,19,20,21,22,23,24,25]]","[[0,1,2,3,4,10,11,12,13,22,23,24,25]]","[""NON-GB""]","[[""C""]]",NON-GB
Ugy7mK3sxPd0BLa-XCR4AaABAg,ผู้หญิง อาจะแต่งหน้าไปยั่ว ผู้หญิง ด้วยกันเองก็ได้นะ โลกมันหมุนเปลี่ยนไปทุกวัน,"[""ผู้หญิง"",""อา"",""จะ"",""แต่งหน้า"",""ไป"",""ยั่ว"",""ผู้หญิง"",""ด้วย"",""กันเอง"",""ก็ได้"",""นะ"",""โลก"",""มัน"",""หมุน"",""เปลี่ยนไป"",""ทุกวัน""]","[[0,1,2,3,4,5,6,7,8,9,10,11,12,13,14,15]]","[[0,1,2,3,4,5,6,7,8,9,10]]","[""NON-GB""]","[[""C""]]",NON-GB
UgyEWAah7vA6bbuB1Th4AaABAg,นี่ก็คิดว่าเขาเรียกร้องความสนใจนะ ยิ่งมีคนด่ายิ่งชอบ สำหรับเรา เราปล่อยผ่านเลยไม่ให้ค่า,"[""นี่"",""ก็"",""คิด"",""ว่า"",""เขา"",""เรียกร้อง"",""ความสนใจ"",""นะ"",""ยิ่ง"",""มี"",""คน"",""ด่า"",""ยิ่ง"",""ชอบ"",""สำหรับ"",""เรา"",""เรา"",""ปล่อย"",""ผ่าน"",""เลย"",""ไม่"",""ให้"",""ค่า""]",[],[],[],[],NON-GB
UgyF4c-XUtXQLcuytv94AaABAg,ผมเป็นผู้ชายนะ เคยแต่งหน้าด้วย ถ้าไปเดทกับผู้หญิง ผู้หญิงก็ต้องช่วยจ่ายค่าเครื่องสำอางหรอ? wtf! logic,"[""ผม"",""เป็น"",""ผู้ชาย"",""นะ"",""เคย"",""แต่งหน้า"",""ด้วย"",""ถ้า"",""ไป"",""เดท"",""กับ"",""ผู้หญิง"",""ผู้หญิง"",""ก็"",""ต้อง"",""ช่วย"",""จ่าย"",""ค่า"",""เครื่องสำอาง"",""หรอ"",""?"",""wtf"",""!"",""logic""]",[],[],[],[],NON-GB
UgyLbZJDp5gKYaD6EAd4AaABAg.A7HFA5QYRHRA7IuIZ3ZH_4,เก่ง? ผมว่าไม่ใช่นะมันคือการที่เขาพูดในเรื่องที่เป็นกระแสอ่อนไหวง่ายมันเลยจุดกระแสให้ช่องเขาดังไม่ใช่เพราะเก่งครับ,"[""เก่ง"",""?"",""ผม"",""ว่า"",""ไม่"",""ใช่"",""นะ"",""มัน"",""คือ"",""การ"",""ที่"",""เขา"",""พูด"",""ใน"",""เรื่อง"",""ที่"",""เป็น"",""กระแส"",""อ่อนไหว"",""ง่าย"",""มัน"",""เลย"",""จุด"",""กระแส"",""ให้"",""ช่องเขา"",""ดัง"",""ไม่"",""ใช่"",""เพราะ"",""เก่ง"",""ครับ""]",[],[],[],[],NON-GB
UgyM6njEPcbqgCqzckl4AaABAg,เรื่องแต่งหน้านี่มีคำตอบในตัวอยู่แล้ว แต่งให้ตัวเองสวยขึ้น ทำเพื่อตัวเองค่ะ มันจบแค่นั้นแหละ ยังจะอุตส่าห์นั่งหาเหตุผลมารองรับว่าแต่งเพื่อผู้ชาย สาระแนสุดๆ ขอให้การสะเหล่อเป็นเรื่องของมุมกล้องที่ใช้อย่างเดียวพอ ดูพูดแล้วครินจ์แทน ไลฟ์โค้ชที่โหง้วที่สุด,"[""เรื่อง"",""แต่งหน้า"",""นี่"",""มี"",""คำตอบ"",""ใน"",""ตัว"",""อยู่แล้ว"",""แต่ง"",""ให้"",""ตัวเอง"",""สวย"",""ขึ้น"",""ทำ"",""เพื่อ"",""ตัวเอง"",""ค่ะ"",""มัน"",""จบ"",""แค่"",""นั้นแหละ"",""ยัง"",""จะ"",""อุตส่าห์"",""นั่ง"",""หา"",""เหตุผล"",""มา"",""รองรับ"",""ว่า"",""แต่ง"",""เพื่อ"",""ผู้ชาย"",""สาระแน"",""สุด"",""ๆ"",""ขอ"",""ให้การ"",""สะเหล่อ"",""เป็นเรื่อง"",""ของ"",""มุม"",""กล้อง"",""ที่"",""ใช้"",""อย่าง"",""เดียว"",""พอ"",""ดู"",""พูด"",""แล้ว"",""ครินจ์"",""แทน"",""ไลฟ์"",""โค้ช"",""ที่"",""โห"",""ง้ว"",""ที่สุด""]",[],[],[],[],NON-GB
UgyOLcdTpFPHptjgEFZ4AaABAg,วิด ไฮเปอร์ เสียงมีคุณภาพอีกคน เสียงกังวาน เพราะมากๆค่า,"[""วิด"",""ไฮเปอร์"",""เสียง"",""มี"",""คุณภาพ"",""อีก"",""คน"",""เสียงกังวาน"",""เพราะ"",""มาก"",""ๆ"",""ค่า""]",[],[],[],[],NON-GB
UgyWjOzhYnOWEGn1SkB4AaABAg,บางทีแต่งหน้าสวยๆไปเดินสยาม ไม่ได้ไปล่อ ผู้ชาย นะ ไปเดินให้มีคนมาสัม หัวเราะ,"[""บางที"",""แต่งหน้า"",""สวย"",""ๆ"",""ไป"",""เดิน"",""สยาม"",""ไม่"",""ได้"",""ไป"",""ล่อ"",""ผู้ชาย"",""นะ"",""ไป"",""เดิน"",""ให้"",""มี"",""คน"",""มา"",""สัม"",""หัวเราะ""]","[[0,1,2,3,4,5,6,7,8,9,10,11,12,13,14,15,16,17,18,19]]","[[1,2,3,4,5,6,7,8,9,10,11]]","[""NON-GB""]","[[""C""]]",NON-GB
UgybEZp5PeTJEjFeP5Z4AaABAg,ตลกตรงแต่งหน้าให้ผู้ชาย.ดู มึงจะให้กุแต่งหน้าให้คนที่ไม่สามารถแยกสีลิปสติก รึแยกสีอายชาโดว์ที่กุทาได้ด้วยซ้ำ แต่ไปมึงก็แยกไม่อกอยู่ดีว่ากุทำอะไรลงไปบ้าง มีแค่ได้ชมไปชมาว่าสวยแค่นั้น,"[""ตลก"",""ตรง"",""แต่งหน้า"",""ให้"",""ผู้ชาย"",""."",""ดู"",""มึง"",""จะ"",""ให้"",""กุ"",""แต่งหน้า"",""ให้"",""คน"",""ที่"",""ไม่"",""สามารถ"",""แยกสี"",""ลิปสติก"",""รึ"",""แยกสี"",""อาย"",""ชา"",""โด"",""ว์"",""ที่"",""กุ"",""ทา"",""ได้"",""ด้วยซ้ำ"",""แต่"",""ไป"",""มึง"",""ก็"",""แยก"",""ไม่"",""อก"",""อยู่ดี"",""ว่า"",""กุ"",""ทำ"",""อะไร"",""ลง"",""ไป"",""บ้าง"",""มี"",""แค่"",""ได้"",""ชม"",""ไป"",""ชมา"",""ว่า"",""สวย"",""แค่นั้น""]","[[0,1,2,3,4,5,6,7,8,9,10,11,12,13,14,15,16,17,18,19,20,21,22,23,24,25,26,27,28,29,30,31,32,33,34,35,36,37,38,39,40,41,42,43,44,45,46,47,48,49,50,51,52,53]]","[[0,1,2,3,4,5,6,34,35,36,37,38,39,40,41,42,43,44,45,46,47,48,49,50,51,52,53]]","[""NON-GB""]","[[""C""]]",NON-GB
UgyhmJ65lg52LWhgyvV4AaABAg.A7HSixbMyKXA7HpbSotGpz,จริงเรื่องแต่งหน้านี่เพื่อที่จะให้ตัวเองดูดีนะ เสริมความั่นใจ เคยโดนทักตอนไม่แต่งหน้า ว่าเป็นเลือดจางรึป่าว หน้าซีดจัง ห้ะ กุแค่ไม่ได้แต่งหน้า แต่เดี๋ยวนี้ผชบางคนก็แต่งนะ เราว่าก็หล่อดีหัวเราะ,"[""จริง"",""เรื่อง"",""แต่งหน้า"",""นี่"",""เพื่อที่จะ"",""ให้"",""ตัวเอง"",""ดูดี"",""นะ"",""เสริม"",""ค"",""วา"",""มั่นใจ"",""เคย"",""โดน"",""ทัก"",""ตอน"",""ไม่"",""แต่งหน้า"",""ว่า"",""เป็น"",""เลือดจาง"",""รึ"",""ป่าว"",""หน้าซีด"",""จัง"",""ห้ะ"",""กุ"",""แค่"",""ไม่"",""ได้"",""แต่งหน้า"",""แต่"",""เดี๋ยวนี้"",""ผ"",""ชบา"",""งคน"",""ก็"",""แต่ง"",""นะ"",""เรา"",""ว่า"",""ก็"",""หล่อ"",""ดี"",""หัวเราะ""]",[],[],[],[],NON-GB
Ugyk6MeF4HbrvOZ8BA14AaABAg,ไม่ชอบผญแต่งหน้า มีเหตุผลเพราะว่า เวลาหอมแก้มหรือจูบเครื่องสำอางติดปากมาหัวเราะ,"[""ไม่"",""ชอบ"",""ผญ"",""แต่งหน้า"",""มีเหตุผล"",""เพราะว่า"",""เวลา"",""หอม"",""แก้ม"",""หรือ"",""จูบ"",""เครื่องสำอาง"",""ติดปาก"",""มา"",""หัวเราะ""]",[],[],[],[],NON-GB
UgyppTrGjwX9qP0cZ454AaABAg,คือเรื่องการแต่งหน้า ถามว่าแต่งเพื่อผู้ชายไหมันก็ใช่ แต่มันแค่เหตุผลใน100ของผู้หญิงอ่ะ เราไปเดทก็คงแต่งเพื่อผู้ชาย แต่ไปงานศพก็แต่ง อยู่ในห้องคนเดียวก็แต่ง ไปเจอเพื่อนก็แต่ง คือทุกอย่างมันไม่ได้ทำเพื่อผู้ชายทั้งหมดอ่ะ ก็ไม่เข้าใจทำไมเขาถึงคิดงั้น,"[""คือ"",""เรื่อง"",""การ"",""แต่งหน้า"",""ถาม"",""ว่า"",""แต่ง"",""เพื่อ"",""ผู้ชาย"",""ไห"",""มัน"",""ก็"",""ใช่"",""แต่"",""มัน"",""แค่"",""เหตุผล"",""ใน"",""100"",""ของ"",""ผู้หญิง"",""อ่ะ"",""เรา"",""ไป"",""เดท"",""ก็"",""คง"",""แต่ง"",""เพื่อ"",""ผู้ชาย"",""แต่"",""ไป"",""งานศพ"",""ก็"",""แต่ง"",""อยู่"",""ใน"",""ห้อง"",""คนเดียว"",""ก็"",""แต่ง"",""ไป"",""เจอ"",""เพื่อน"",""ก็"",""แต่ง"",""คือ"",""ทุกอย่าง"",""มัน"",""ไม่"",""ได้"",""ทำ"",""เพื่อ"",""ผู้ชาย"",""ทั้งหมด"",""อ่ะ"",""ก็"",""ไม่"",""เข้าใจ"",""ทำไม"",""เขา"",""ถึง"",""คิด"",""งั้น""]","[[0,1,2,3,4,5,6,7,8,9,10,11,12,13,14,15,16,17,18,19,20,21,22,23,24,25,26,27,28,29,30,31,32,33,34,35,36,37,38,39,40,41,42,43,44,45,46,47,48,49,50,51,52,53,54,55,56,57,58,59,60,61,62,63]]","[[48,49,50,51,52,53,54,55,56,57,58,59,60,61,62,63]]","[""NON-GB""]","[[""C""]]",NON-GB
UgyttVLnIHKK9LVXexp4AaABAg.AL8fljnhTO4ALfrAzaIXkF,สาวใต้พารวย เค้ารู้ว่าไม่ใช่เสียงแท้ เค้าหมายถึงคุณภาพเสียง,"[""สาว"",""ใต้"",""พา"",""รวย"",""เค้า"",""รู้"",""ว่า"",""ไม่"",""ใช่"",""เสียง"",""แท้"",""เค้า"",""หมายถึง"",""คุณภาพ"",""เสียง""]",[],[],[],[],NON-GB
Ugz3dbTKvPpzYcxz3sp4AaABAg,2020แล้วยังฟังนะ,"[""2020"",""แล้ว"",""ยัง"",""ฟัง"",""นะ""]",[],[],[],[],NON-GB
Ugz6GHl85Wqa6_OVUzd4AaABAg.AL9UkUpNybgALq7ESnWDz4,เข้าใจว่าต้องทำเสียงเพี้ยน แต่คลิปนี้เสียงผู้ชายฟังยากมากครับ,"[""เข้าใจ"",""ว่า"",""ต้อง"",""ทำ"",""เสียงเพี้ยน"",""แต่"",""คลิป"",""นี้"",""เสียง"",""ผู้ชาย"",""ฟัง"",""ยาก"",""มาก"",""ครับ""]",[],[],[],[],NON-GB
Ugz6TgT64mRS9PW8WaZ4AaABAg,มูหู แต่งหน้าเพื่อผู้ชาย ผู้ชายจ่ายค่าเครื่องสำอางให้หรอว่ะ ไม่ใช่ไง,"[""มู"",""หู"",""แต่งหน้า"",""เพื่อ"",""ผู้ชาย"",""ผู้ชาย"",""จ่าย"",""ค่า"",""เครื่องสำอาง"",""ให้"",""หรอ"",""ว่ะ"",""ไม่"",""ใช่"",""ไง""]","[[0,1,2,3,4,5,6,7,8,9,10,11,12,13,14]]","[[5,6,7,8,9,10,11,12,13,14]]","[""NON-GB""]","[[""C""]]",NON-GB
UgzD6Gv02bkQqTyo-ZR4AaABAg,ป่วย อย่าไปทำให้เขาดัง ขอร้อง พอเถอะ เขาน่าจะอยากดัง,"[""ป่วย"",""อย่า"",""ไป"",""ทำให้"",""เขา"",""ดัง"",""ขอร้อง"",""พอ"",""เถอะ"",""เขา"",""น่าจะ"",""อยาก"",""ดัง""]",[],[],[],[],NON-GB
UgzEJwXLpmqTp0F1XpN4AaABAg,pov เมื่อผู้ชายไม่พร้อมจะเป็นผู้ชาย.. ที่บอกว่าผู้ชายต้องจ่ายเดทแรก เพราะผู้หญิงจ่ายค่าเครื่องสำอางค่าแต่งหน้ามาแล้ว เป็นแค่ความคิดเห็นส่วนตัวของผู้หญิงคนึ่ง ที่ทำคลิปขณะแต่งหน้าเขาน่าจะไปดูอันี้มา แล้วที่บอกว่าผู้หญิงแค่อยู่บ้านเลี้ยงลูก... ต้องให้มาลองอยู่บ้านเลี้ยงลูกดูนะ เห็นบอกว่ากำลังจะแต่งาน สงสารผู้หญิงคนั้นะ คนไม่ปกติ ไม่ควรเป็นคอนเทนต์คลีเอเตอร์,"[""pov"",""เมื่อ"",""ผู้ชาย"",""ไม่"",""พร้อม"",""จะ"",""เป็น"",""ผู้ชาย"","".."",""ที่"",""บอ"",""กว่า"",""ผู้ชาย"",""ต้อง"",""จ่าย"",""เดท"",""แรก"",""เพราะ"",""ผู้หญิง"",""จ่าย"",""ค่า"",""เครื่องสำอาง"",""ค่า"",""แต่งหน้า"",""มา"",""แล้ว"",""เป็น"",""แค่"",""ความคิดเห็น"",""ส่วนตัว"",""ของ"",""ผู้หญิง"",""ค"",""นึ่ง"",""ที่"",""ทำ"",""คลิป"",""ขณะ"",""แต่งหน้า"",""เขา"",""น่าจะ"",""ไปดู"",""อัน"",""ี้"",""มา"",""แล้ว"",""ที่"",""บอ"",""กว่า"",""ผู้หญิง"",""แค่"",""อยู่"",""บ้าน"",""เลี้ยงลูก"",""..."",""ต้อง"",""ให้"",""มา"",""ลอง"",""อยู่"",""บ้าน"",""เลี้ยงลูก"",""ดู"",""นะ"",""เห็น"",""บอ"",""กว่า"",""กำลังจะ"",""แต่"",""งาน"",""สงสาร"",""ผู้หญิง"",""คนั้นะ"",""คน"",""ไม่"",""ปกติ"",""ไม่"",""ควร"",""เป็น"",""คอนเทนต์"",""คลี"",""เอ"",""เตอร์""]","[[0,1,2,3,4,5,6,7,8,9,10,11,12,13,14,15,16,17,18,19,20,21,22,23,24,25,26,27,28,29,30,31,32,33,34,35,36,37,38,39,40,41,42,43,44,45,46,47,48,49,50,51,52,53,54,55,56,57,58,59,60,61,62,63,64,65,66,67,68,69,70,71,72,73,74,75,76,77,78,79,80,81,82]]","[[0,1,2,3,4,5,6,7,70,71,72,73,74,75,76,77,78,79,80,81,82]]","[""NON-GB""]","[[""C""]]",NON-GB
UgzH3WdF6wiMfe7RJfV4AaABAg,กู ผู้แต่งหน้า มากับผัวและท้องอยู่ด้วย แต่งหน้ามาร้านไอติม เพื่อดึงดูดผู้ชาย? หัวเราะ,"[""กู"",""ผู้"",""แต่งหน้า"",""มา"",""กับ"",""ผัว"",""และ"",""ท้อง"",""อยู่"",""ด้วย"",""แต่งหน้า"",""มา"",""ร้าน"",""ไอติม"",""เพื่อ"",""ดึงดูด"",""ผู้ชาย"",""?"",""หัวเราะ""]","[[0,1,2,3,4,5,6,7,8,9,10,11,12,13,14,15,16,17]]","[[10,11,12,13,14,15,16,17]]","[""NON-GB""]","[[""C""]]",NON-GB
UgzLKIzSwAXR99rkNrh4AaABAg,สกิลที่เขาพัฒนาคือะไร มีแต่สกิลปากับตรกะยำเละ ทำตัวtoxicเรียกร้องความสนใจ มีปมอะไรสักอย่างกับผู้หญิง อยากจะดึงผู้หญิงทุกคนลงมาต่ำ เขาจะได้หาหญิงได้ง่ายๆจากพฤติกรมป่วยๆ เหมือนเขาเกลียดที่ผู้หญิงสมัยนี้ฉลาดเลือก,"[""สกิล"",""ที่"",""เขา"",""พัฒนา"",""คือะ"",""ไร"",""มี"",""แต่"",""สกิล"",""ปา"",""กับ"",""ตร"",""กะ"",""ยำ"",""เละ"",""ทำตัว"",""toxic"",""เรียกร้อง"",""ความสนใจ"",""มี"",""ปม"",""อะไร"",""สัก"",""อย่าง"",""กับ"",""ผู้หญิง"",""อยาก"",""จะ"",""ดึง"",""ผู้หญิง"",""ทุกคน"",""ลงมา"",""ต่ำ"",""เขา"",""จะ"",""ได้"",""หา"",""หญิง"",""ได้"",""ง่ายๆ"",""จาก"",""พฤติ"",""กรม"",""ป่วย"",""ๆ"",""เหมือน"",""เขา"",""เกลียด"",""ที่"",""ผู้หญิง"",""สมัยนี้"",""ฉลาด"",""เลือก""]","[[0,1,2,3,4,5,6,7,8,9,10,11,12,13,14,15,16,17,18,19,20,21,22,23,24,25,26,27,28,29,30,31,32,33,34,35,36,37,38,39,40,41,42,43,44,45,46,47,48,49,50,51,52]]","[[0,1,2,3,4,5,6,7,8,9,10,11,12,13,14,26,27,28,29,30,31,32,33,34,35,36,37,38,39]]","[""NON-GB""]","[[""C""]]",NON-GB
UgzN36KAv9qChuCLtQ94AaABAg,เสียงพี่ผู้ชายฟังไม่รู้เรื่องเลยครับต้องมีซับหน่อย,"[""เสียง"",""พี่"",""ผู้ชาย"",""ฟัง"",""ไม่"",""รู้เรื่อง"",""เลย"",""ครับ"",""ต้อง"",""มี"",""ซับ"",""หน่อย""]",[],[],[],[],NON-GB
UgzOBEs05ic1kc-kITB4AaABAg,ดัดเสียงจนฟังไม่รู้เรื่อง ลำบากต้องมาอ่านซับอีก,"[""ดัด"",""เสียง"",""จน"",""ฟัง"",""ไม่"",""รู้เรื่อง"",""ลำบาก"",""ต้อง"",""มา"",""อ่าน"",""ซับ"",""อีก""]",[],[],[],[],NON-GB
UgzSCF6HeetDY9eaHfN4AaABAg,เหตุผลใหญ่ที่สุดที่ผู้หญิงแต่งหน้าคือกลัวบังเอิญอกไปเจอคนรู้จักแล้วเขาจำหน้าสดเราไปตลอดค่ะ,"[""เหตุผล"",""ใหญ่"",""ที่สุด"",""ที่"",""ผู้หญิง"",""แต่งหน้า"",""คือ"",""กลัว"",""บังเอิญ"",""อก"",""ไป"",""เจอ"",""คนรู้จัก"",""แล้ว"",""เขา"",""จำ"",""หน้า"",""สด"",""เรา"",""ไป"",""ตลอด"",""ค่ะ""]",[],[],[],[],NON-GB
UgzT0zhffiJVJTldZtF4AaABAg,เบลอเสียงจนฟังไม่ค่อยรู้เรื่อง,"[""เบลอ"",""เสียง"",""จน"",""ฟัง"",""ไม่ค่อย"",""รู้เรื่อง""]",[],[],[],[],NON-GB
UgzbsNaUPB7FrChWazF4AaABAg,ไอ้หมอนี่มันประสาท ถ้าผู้หญิงจะแต่งหน้าให้ผู้ชายดู ก็คงซื้อลิปแค่ 2 แท่งก็พอแล้ว จากลิป 40 แท่งทั้งหมดที่ซื้อมาแฟนก็แยกอกแค่ 2 สีอยู่ดีคือแดงกับไม่แดง,"[""ไอ้"",""หมอ"",""นี่"",""มัน"",""ประสาท"",""ถ้า"",""ผู้หญิง"",""จะ"",""แต่งหน้า"",""ให้"",""ผู้ชาย"",""ดู"",""ก็"",""คง"",""ซื้อ"",""ลิป"",""แค่"",""2"",""แท่ง"",""ก็"",""พอแล้ว"",""จาก"",""ลิป"",""40"",""แท่ง"",""ทั้งหมด"",""ที่"",""ซื้อ"",""มา"",""แฟน"",""ก็"",""แยก"",""อก"",""แค่"",""2"",""สี"",""อยู่ดี"",""คือ"",""แดง"",""กับ"",""ไม่"",""แดง""]","[[0,1,2,3,4,5,6,7,8,9,10,11,12,13,14,15,16,17,18,19,20,21,22,23,24,25,26,27,28,29,30,31,32,33,34,35,36,37,38,39,40,41]]","[[0,1,2,3,4,5,6,7,8,9,10,11,12,13,14,15,16,17,18,19,20]]","[""NON-GB""]","[[""C""]]",NON-GB
Ugzd0hLHE_jqE8ke6iR4AaABAg,เค้ามีปมอะไรเรื่องผู้หญิงมั้ยอ่ะ ถ้ามีปัญหาสงสัยเรื่องผู้หญิงแต่งหน้า คุณลองแต่งหน้าดูสิ อาจะชอบก็ได้นะ,"[""เค้า"",""มี"",""ปม"",""อะไร"",""เรื่อง"",""ผู้หญิง"",""มั้ย"",""อ่ะ"",""ถ้า"",""มีปัญหา"",""สงสัย"",""เรื่อง"",""ผู้หญิง"",""แต่งหน้า"",""คุณ"",""ลอง"",""แต่งหน้า"",""ดู"",""สิ"",""อา"",""จะ"",""ชอบ"",""ก็ได้"",""นะ""]","[[0,1,2,3,4,5,6,7,8,9,10,11,12,13,14,15,16,17,18,19,20,21,22,23]]","[[0,1,2,3,4,5,6,15,16,17,18,19,20,21,22,23]]","[""NON-GB""]","[[""C""]]",NON-GB
Ugzf8d5hY15e9jhiweF4AaABAg,ผู่หญิงแต่งหน้าเพราะต้องการดึงดูดผู้ชาย แต่เมียตัวเองแต่งหน้าไปยิมแล้วมาบอกเค้าจะแต่งไม่แต่งก็เรื่องของเค้า อ่าวอีดอx,"[""ผู่"",""หญิง"",""แต่งหน้า"",""เพราะ"",""ต้องการ"",""ดึงดูด"",""ผู้ชาย"",""แต่"",""เมีย"",""ตัวเอง"",""แต่งหน้า"",""ไป"",""ยิม"",""แล้ว"",""มา"",""บอก"",""เค้า"",""จะ"",""แต่ง"",""ไม่"",""แต่ง"",""ก็"",""เรื่อง"",""ของ"",""เค้า"",""อ่าว"",""อี"",""ดอ"",""x""]","[[0,1,2,3,4,5,6,7,8,9,10,11,12,13,14,15,16,17,18,19,20,21,22,23,24,25,26,27,28]]","[[0,1,2,3,4,5,6,8,9,16,17,18,19,20,21,22,23,24]]","[""NON-GB""]","[[""C""]]",NON-GB
UgzflZBg38PXBD1tmJV4AaABAg,เรื่องแต่งหน้านี่ ตรกะพี่แกได้มาจากไหน ไม่ว่าชายหรือหญิง มันก็เป็นเรื่องปกติมั้ย ที่เราต้องแต่งตัวให้ดูดี แต่ถามว่าเราต้องแต่งเพื่อดึงดูดเพศตรงข้ามั้ย ซึ่งความคิดนี้มันมี แต่มันไม่ใช่สิ่งแรกที่เขาคิดกัน คนส่วนใหญ่แต่งตัวตามความพึงพอใจตัวเองอยู่แล้ว แต่งให้เข้ากับริบทของอาชีพตัวเองทั้งนั้น และคำว่าสวยตามหลักจิตวิทยาที่คุณอ้างนี่ ก็ดูเหมือนแถให้ตัวเองมากว่า คำว่าสวยของแต่ละคนมันไม่เท่ากันะครับ มันอยู่ที่รสนิยมของผช. และ ผู้หญิง. ด้วยนะครับ และเรื่องเกณฑ์ผู้ชายไปรบนี่มันปกติครับ เหตุผลก็ไม่ยากด้วยสรีระผู้ชายมันเหมาะกว่าผญ.อยู่แล้ว แล้วที่บอกผญ.ไปเต้นผับนี่ก็ยกตัวอย่างมาด้อยค่าผญ.เห็นๆ ผู้หญิง.ที่อาสาไปรบก็มีครับ ดูข่าวบ้างก็ดีครับ เวลามันเดินอยู่ตลอดเวลานะครับ ตามให้ทันโลกซะบ้าง หรือจะดักดานอยู่แบนั้นก็ไม่มีใครว่าหรอกครับ แต่ถ้าจะคิดหาคำพูดจาด้อยค่าดูหมิ่นผู้หญิงก็คิดเยอะๆครับ เพราะคุณเองก็น่าจะมีแม่เหมือนคนปกติทั่วไปนะครับ,"[""เรื่อง"",""แต่งหน้า"",""นี่"",""ตร"",""กะ"",""พี่"",""แก"",""ได้"",""มาจาก"",""ไหน"",""ไม่"",""ว่า"",""ชาย"",""หรือ"",""หญิง"",""มัน"",""ก็"",""เป็นเรื่อง"",""ปกติ"",""มั้ย"",""ที่"",""เรา"",""ต้อง"",""แต่งตัว"",""ให้"",""ดูดี"",""แต่"",""ถาม"",""ว่า"",""เรา"",""ต้อง"",""แต่ง"",""เพื่อ"",""ดึงดูด"",""เพศ"",""ตรง"",""ข้า"",""มั้ย"",""ซึ่ง"",""ความคิด"",""นี้"",""มัน"",""มี"",""แต่"",""มัน"",""ไม่"",""ใช่"",""สิ่ง"",""แรก"",""ที่"",""เขา"",""คิด"",""กัน"",""คน"",""ส่วนใหญ่"",""แต่งตัว"",""ตาม"",""ความพึงพอใจ"",""ตัวเอง"",""อยู่แล้ว"",""แต่ง"",""ให้"",""เข้ากับ"",""ริ"",""บท"",""ของ"",""อาชีพ"",""ตัวเอง"",""ทั้งนั้น"",""และ"",""คำ"",""ว่า"",""สวย"",""ตาม"",""หลัก"",""จิตวิทยา"",""ที่"",""คุณ"",""อ้าง"",""นี่"",""ก็"",""ดูเหมือน"",""แถ"",""ให้"",""ตัวเอง"",""มา"",""กว่า"",""คำ"",""ว่า"",""สวย"",""ของ"",""แต่ละคน"",""มัน"",""ไม่"",""เท่า"",""กันะ"",""ครับ"",""มัน"",""อยู่"",""ที่"",""รสนิยม"",""ของ"",""ผช."",""และ"",""ผู้หญิง"",""."",""ด้วย"",""นะ"",""ครับ"",""และ"",""เรื่อง"",""เกณฑ์"",""ผู้ชาย"",""ไป"",""รบ"",""นี่"",""มัน"",""ปกติ"",""ครับ"",""เหตุผล"",""ก็"",""ไม่"",""ยาก"",""ด้วย"",""สรีระ"",""ผู้ชาย"",""มัน"",""เหมาะ"",""กว่า"",""ผญ."",""อยู่แล้ว"",""แล้ว"",""ที่"",""บอก"",""ผญ."",""ไป"",""เต้น"",""ผับ"",""นี่"",""ก็"",""ยกตัวอย่าง"",""มา"",""ด้อยค่า"",""ผญ."",""เห็น"",""ๆ"",""ผู้หญิง"",""."",""ที่"",""อาสา"",""ไป"",""รบ"",""ก็"",""มี"",""ครับ"",""ดู"",""ข่าว"",""บ้าง"",""ก็ดี"",""ครับ"",""เวลา"",""มัน"",""เดิน"",""อยู่"",""ตลอดเวลา"",""นะ"",""ครับ"",""ตาม"",""ให้"",""ทันโลก"",""ซะ"",""บ้าง"",""หรือ"",""จะ"",""ดักดาน"",""อยู่"",""แบ"",""นั้น"",""ก็"",""ไม่"",""มี"",""ใคร"",""ว่า"",""หรอก"",""ครับ"",""แต่"",""ถ้า"",""จะ"",""คิด"",""หา"",""คำ"",""พูดจา"",""ด้อยค่า"",""ดูหมิ่น"",""ผู้หญิง"",""ก็"",""คิด"",""เยอะ"",""ๆ"",""ครับ"",""เพราะ"",""คุณ"",""เอง"",""ก็"",""น่าจะ"",""มี"",""แม่"",""เหมือน"",""คน"",""ปกติ"",""ทั่วไป"",""นะ"",""ครับ""]","[[0,1,2,3,4,5,6,7,8,9,10,11,12,13,14,15,16,17,18,19,20,21,22,23,24,25,26,27,28,29,30,31,32,33,34,35,36,37,38,39,40,41,42,43,44,45,46,47,48,49,50,51,52,53,54,55,56,57,58,59,60,61,62,63,64,65,66,67,68,69,70,71,72,73,74,75,76,77,78,79,80,81,82,83,84,85,86,87,88,89,90,91,92,93,94,95,96,97,98,99,100,101,102,103,104,105,106,107,108,109,110,111,112,113,114,115,116,117,118,119,120,121,122,123,124,125,126,127,128,129,130,131,132,133,134,135,136,137,138,139,140,141,142,143,144,145,146,147,148,149,150,151,152,153,154,155,156,157,158,159,160,161,162,163,164,165,166,167,168,169,170,171,172,173,174,175,176,177,178,179,180,181,182,183,184,185,186,187,188,189,190,191,192,193,194,195,196,197,198,199,200,201,202,203,204,205,206,207,208,209,210]]","[[10,11,12,13,14,15,16,17,18,19,81,82,83,84,85,86,167,168,169,170,171,186,187,188,189,190,191,192,193,194,195,196,197,198,199,200,201,202,203,204,205,206,207,208,209,210]]","[""NON-GB""]","[[""C""]]",NON-GB
Ugzidltl2gX1wAvMd0x4AaABAg,เถียงกับผู้หญิงใช้อีกเสียง เถียงกับผู้ชายใช้เสียงหวานเชียว นี่สินะ โอเมก้รับร่านรับฟังแต่อัลฟ่าเท่านั้น,"[""เถียง"",""กับ"",""ผู้หญิง"",""ใช้"",""อีก"",""เสียง"",""เถียง"",""กับ"",""ผู้ชาย"",""ใช้"",""เสียงหวาน"",""เชียว"",""นี่"",""สิ"",""นะ"",""โอ"",""เม"",""ก้"",""รับ"",""ร่าน"",""รับฟัง"",""แต่"",""อัลฟ่า"",""เท่านั้น""]","[[12,13,14,15,16,17,18,19,20,21,22,23]]",[[19]],"[""GB-ATTACK""]","[[""A"",""B""]]",GB
UgznPtgDS0WLLQHSSSd4AaABAg,จิงๆ ความคิดของพวกที่ก่อาชญากรมกับ ผู้หญิง มักจะหลงผิดแบนี้เลยนะ? เชื่อว่า ผู้หญิง แต่งหน้าแต่งตัวเพื่อยั่วผช ถ้าผญ ผ่าน ผู้ชาย มาเยอะ สามารถลดทอนคุณค่าของร่างกายเขาได้ เป็นคอนเท้นขยะสังคมที่ grooming พวก creepy ให้ยิ่งรู้สึกมีสิทธิ์มีเสียงมากขึ้นไปอีก,"[""จิงๆ"",""ความคิด"",""ของ"",""พวก"",""ที่"",""ก่"",""อาชญา"",""กรม"",""กับ"",""ผู้หญิง"",""มักจะ"",""หลงผิด"",""แบ"",""นี้"",""เลย"",""นะ"",""?"",""เชื่อ"",""ว่า"",""ผู้หญิง"",""แต่งหน้า"",""แต่งตัว"",""เพื่อ"",""ยั่ว"",""ผช"",""ถ้า"",""ผญ"",""ผ่าน"",""ผู้ชาย"",""มา"",""เยอะ"",""สามารถ"",""ลดทอน"",""คุณค่า"",""ของ"",""ร่างกาย"",""เขา"",""ได้"",""เป็น"",""คอน"",""เท้น"",""ขยะสังคม"",""ที่"",""grooming"",""พวก"",""creepy"",""ให้"",""ยิ่ง"",""รู้สึก"",""มีสิทธิ์"",""มีเสียง"",""มาก"",""ขึ้นไป"",""อีก""]","[[0,1,2,3,4,5,6,7,8,9,10,11,12,13,14,15,16,17,18,19,20,21,22,23,24,25,26,27,28,29,30,31,32,33,34,35,36,37,38,39,40,41,42,43,44,45,46,47,48,49,50,51,52,53]]","[[0,1,2,3,4,5,6,7,8,9,10,11,12,13,14,15]]","[""NON-GB""]","[[""C""]]",NON-GB
UgzsI-i3HhEqdw51ZPp4AaABAg,คือหัวเราะ แต่งหน้าเพราะอยากสวยกว่าแฟนเก่าแฟนค่ะหัวเราะ แล้วจะแต่งหน้าไปหนักหัวใครเอ่น,"[""คือ"",""หัวเราะ"",""แต่งหน้า"",""เพราะ"",""อยาก"",""สวย"",""กว่า"",""แฟน"",""เก่า"",""แฟน"",""ค่ะ"",""หัวเราะ"",""แล้"",""วจะ"",""แต่งหน้า"",""ไป"",""หนักหัว"",""ใคร"",""เอ่น""]",[],[],[],[],NON-GB
Ugztv2eRLzmA_j-oCZh4AaABAg,2019!จงไลค์ซะ,"[""2019"",""!"",""จง"",""ไลค์"",""ซะ""]",[],[],[],[],NON-GB